"博丽灵梦 / 博麗 霊夢 / Hakurei Reimu","","人类","操纵灵气程度的能力（红魔乡）
飞翔于空中程度的能力（红魔乡、求闻史纪、人妖名鉴、幻存神签）
主要拥有飞翔于空中程度的能力（妖妖梦、永夜抄、花映塚、风神录、地灵殿、星莲船、神灵庙、辉针城、绀珠传、天空璋、鬼形兽、虹龙洞、锦上京）","博丽神社的巫女小姐"
"雾雨魔理沙 / 霧雨 魔理沙 / Kirisame Marisa","","人类","System.Xml.XmlElement","东洋的西洋魔术师"
"博丽灵梦 / 博麗 靈夢 / Hakurei Reimu","★主人公···博丽灵梦

博丽神社的巫女，天生具有灵力，但是修行不足。武器虽是最强的
阴阳玉，却无法随心操弄，常常被它耍得团团转。
虽然如此，灵梦拥有灵力从而有着相当的实力。
符札攻击、释放灵力的“灵击”还有体术，这些对这次的敌人无效，
因而有点烦恼。

现在，这个神社由她一人撑起。","人类","","维护梦与传统的巫女"
"神玉 / 神玉 / SinGyoku","","","",""
"魅魔 / 魅魔 / Mima","","恶灵","",""
"菊理 / きくり / Kikuri","","","",""
"矜羯罗  / 矜羯羅 / Konngara","","","",""
"幽幻魔眼 / 幽幻魔眼 / YuugenMagan","","","",""
"依莉斯 / エリス / Elis","","","",""
"萨丽爱尔 / サリエル / Sariel","","","",""
"玄爷 / 玄爺 / Genjii","★龟 ??? 玄爷

在长时间活着的过程中，掌握了各种神力的乌龟。在灵梦的修行时
被抓了，从而被任意驱使。拥有操纵飞行仙1，自由在空中飞翔

的能力。","龟？","不明","龟"
"里香 / 里香 / Rika","","人类1","","工程师"
"明罗 / 明羅 / Meira","","","","武士"
"魔梨沙 / 魔梨沙 / Marisa","★魔法与红梦化成的存在???雾雨魔理沙

敬慕并尊称魅魔为「魅魔大人」，天下无敌的魔法使。（暂且不提哪里无敌了）
是个普通的人类。不过，是能使用稍微强点的魔法的相当普通的少女。
因为是魔法使，基本上头脑也是相当好的。不过，用扭曲的眼光看这个世界，
或是叫着“这群该死的人类”而引爆钴炸弹之类的行为还是不会去做的。


这次，被梦幻遗迹所泄露出的魔力而吸引。","人类","","从魔法与红梦化成的存在"
"雾雨魔理沙/ 霧雨 魔理沙 / Kirisame Marisa","★魔法与红梦化成的存在???雾雨魔理沙

敬慕并尊称魅魔为「魅魔大人」，天下无敌的魔法使。（暂且不提哪里无敌了）
是个普通的人类。不过，是能使用稍微强点的魔法的相当普通的少女。
因为是魔法使，基本上头脑也是相当好的。不过，用扭曲的眼光看这个世界，
或是叫着“这群该死的人类”而引爆钴炸弹之类的行为还是不会去做的。


这次，被梦幻遗迹所泄露出的魔力而吸引。","人类","","从魔法与红梦化成的存在"
"爱莲 / エレン / Ellen","★在工作的人身上梦见恋爱的魔女1???爱莲

～爱莲是不会成长的魔法使。    虽然活了很长时间，
记性却不好。接二连三地忘记事情。
因此，过了很久也还是孩子的样子。
（根据《工作的人》创作）
因此，即使如此，爱莲也是出色的魔女了。毕竟她已经在相当长的时间里，
一直生存了下来。



今天也因为使用了魔法使得蓬松头的头发又粘起来了。2","魔女","","在工作的人身上梦见恋爱的魔女"
"小兔姬 / 小兎姫 / Kotohime","★在弹幕中梦见美的公主???小兔姬

想法经常和人合不来的公主殿下。性格有破绽，不怎么和别人交往，
因而，人们并不清楚公主是怎么样的人。但是，她拥有和普通人合不来的感性，
是个想只收集些人们不感兴趣的东西的收藏家。
也就是说，是个（天生）的狂热分子。


为什么去遗迹呢。（大概是心血来潮吧）","","","在弹幕中梦见美的公主"
"卡娜·安娜贝拉尔 / カナ?アナベラル / Kana Anaberal","★失去梦的少女骚灵???卡娜·安娜贝拉尔

俗称骚灵。从精神不安定的少女而产生的、是少女的一面。
平时住（凭依）在一座很大的洋馆之中，可是最近由于洋馆里住的人已经习惯了骚灵，
没办法拿来当吓唬的对象了，所以卡娜正在考虑搬家。


不知不觉地就往那骚然的地方而去了···","骚灵","","失去梦的少女骚灵"
"朝仓理香子 / 朝倉 理香子 / Asakura Rikako","★寻找梦想的科学???朝仓理香子

在这个世界，相信科学的人几乎没有。当然是因为魔法才占主导地位。
理香子就是在这么一个世界里实在很稀少的科学信者。本人坚信在魔法以外，还存在着别的力量。
不过，那样的理香子也是个魔法使，而且还拥有相当强大的魔力。科学力量暂且不论，
认真使用魔法的话，应该强到了无法对付的地步，不过由于本人讨厌魔法，不愿意认真使用。


她坚信，这个遗迹绝对是用科学而制作的，不过···","魔法使","","寻找梦想的科学"
"北白河千百合 / 北白河 ちゆり / Kitashirakawa Chiyuri","★超越时空的梦幻居民···北白河千百合

说话有点怪的少女。虽然是梦美的助手，说话却不用敬语，相当随便。
似乎有着不拘束而又谈得来的关系。看起来很年幼，但１５岁（应该很年幼吧）从研究生院毕业，并且做了助手。（这个世界，大学是１１岁，研究生是１３岁毕业）1
专攻比较物理学，当然头脑也相当敏锐。


一边整理梦美收集的数据，一边在做着什么。","人类","","超越时空的梦幻居民"
"冈崎梦美 / 岡崎 夢美 / Okazaki Yumemi","★梦幻传说···冈崎梦美

在大学教比较物理学。这个也是一样，看起来很年轻，但在１８岁，还相当年轻的时候，就当了教授。在梦美她们的世界里，重力、电磁力、原子力等一切力量都可以被一套可以解释世间所有已知力的“统一理论”所解决。不存在不适用于这个理论的力。但是，梦美认为存在着一种不适用这套理论的力、“魔力”，并且发表在了学会上，却被狠狠地嘲笑了一番，不把她当回事。


 梦美为了向学会复仇，来到了这个世界···","人类","","梦幻传说"
"奥莲姬 / オレンジ / Orange","","妖怪","",""
"胡桃 / くるみ / Kurumi","","吸血鬼","",""
"艾丽/ エリー / Elliy","","","","馆的门卫"
"幽香 / 幽香 / Yuka","","妖怪","",""
"梦月 / 夢月 / Mugetu","","恶魔","","女仆"
"幻月 / 幻月 / Gengetu","","恶魔","","恶魔"
"萨拉 / サラ / Sara","","魔界人","","门之看守"
"露易兹/ ルイズ / Luize","","魔界人","",""
"爱丽丝 / アリス / Alice","","","","死之少女"
"雪 / ユキ / Yuki","","魔界人","","魔法使"
"舞 / マイ / Mai","","魔界人","","魔法使"
"梦子 / 夢子 / Yumeko","","魔界人","","魔界女仆"
"神绮 / 神綺 / Shinki","","神","","魔界之神"
"露米娅 / ルーミア / Rumia","○宵暗的妖怪
露米娅

能力：操纵黑暗程度的能力


一面BOSS。妖怪。

没在故事上占有重要的位置。为什么而活着不明。
其实头发上缠绕的丝带是灵符，
就算想取下丝带，但那丝带就连露米娅自己都接触不到。

露米娅的周围总是黑夜，因此看不到她操纵黑暗的场面。


符攻击（SC）共３种","妖怪","操纵黑暗程度的能力（红魔乡、求闻史纪）","宵暗的妖怪"
"大妖精 / 大妖精 / Daiyousei","","妖精","-",""
"琪露诺 / チルノ / Cirno","○湖上的冰精
琪露诺

能力：操纵冷气程度的能力


二面BOSS。雪姑娘。

脑袋有些笨笨的。不过她本来就是个孩子而已。
对灵梦和魔理沙来说，这种程度的妖怪算不了什么。

喜欢恶作剧。
玩让青蛙瞬间冻住、然后放在水里复苏的游戏。
每3回大概会有1回失败，青蛙就会悲惨地支离破碎。


符攻击共4种","妖精","操控冷气程度的能力（红魔乡、妖妖梦、花映塚、求闻史纪）
操纵冰程度的能力（辉针城、天空璋）","湖上的冰精"
"红美铃 / 紅 美鈴 / Hoan Meirin","○华人小姑娘
红美铃

能力：使用气程度的能力


三面BOSS。是中国风的妖怪。

穿着色彩鲜艳，有民族风格的服装。
她是红魔馆的看门人。
积极的排除从湖外来的侵入者。

并不是一个特别的角色，
然而她是第一个和故事主线有关系的角色。
话虽如此，她也就是为了说明大小姐的存在而已。



符攻击共7种","妖怪","使用气的程度的能力（红魔乡、求闻史纪）","华人小姑娘"
"小恶魔 / 小悪魔 / Koakuma","","恶魔","不明",""
"帕秋莉·诺蕾姬 / パチュリー?ノーレッジ / Patchouli Knowledge","○知识与避世的少女
帕秋莉·诺蕾姬

能力：操纵火＋水＋木＋金＋土＋日＋月的程度的能力


四面BOSS。大小姐的朋友，大概活了100年的魔女。
人称一周少女1。
身体虚弱，难以应付肉搏战，而利用丰富多彩的压倒性的魔法攻击来弥补不足，
帕秋莉的缎带不是灵符，而是提高魔法力的饰品。

因为是货真价实的魔女，所以拥有着惊人的魔法力，
天生患有哮喘和贫血，不能唱完符卡。
看起来似乎维生素A不足。

没有窗户的图书馆或许充满了灰尘，
不，从常理上来说肯定是布满灰尘才对。
不过她认为在书旁边才是自己，
所以她不能从书的旁边离开。这样已经一百年了。



符攻击共21种","魔女（萃梦想）魔法使（求闻史纪）","操纵火＋水＋木＋金＋土＋日＋月的程度的能力（红魔乡）
使用魔法（主要是精灵魔法）程度的能力（萃梦想）
使用魔法程度的能力（地灵殿）

使用魔法（主要是属性）程度的能力（求闻史纪）","知识与避世的少女"
"十六夜咲夜 / 十六夜 咲夜 / Izayoi Sakuya","○红魔馆的女仆
十六夜咲夜

能力：操纵时间程度的能力


五面boss。女仆，10～20岁左右的人类。

她由于那能力，被人类敬而远之。
已经放弃和普通人类友好相处。

没有名誉和支配的欲望等，
抱着“只要能衣食无忧就好”的想法在红魔馆里当起了女仆

在红魔馆担当清洁工兼女仆长，常常使用静止时间的能力来工作。
（时间静止后，扫除时尘土不会到处乱飞）

因为这家的主人就那样，所以实质上，说她是是女仆好呢，还是看孩子的好呢，
总之她掌管着这个家。


符攻击共9种","人类","操控时间程度的能力（红魔乡、妖妖梦、萃梦想、永夜抄、花映塚、辉针城、求闻史纪）","红魔馆的女仆"
"蕾米莉亚·斯卡蕾特/ レミリア?スカーレット / Remilia Scarlet","○永远幼小的红月
蕾米莉亚·斯卡蕾特

能力：操纵命运程度的能力


最终BOSS，500岁左右的大小姐。

游戏中只是提示，但什么都没说，不过她是吸血鬼。

产生雾来遮盖幻想乡就是为了阻挡阳光。
明明已经活了500年以上，
但性格却是非常任性的幼稚少女。

虽然被大部分的妖怪仰慕，
但这并不是因为她有着领袖般的魅力，
而是对吸血鬼这个种族的畏惧。
有一个妹妹，除了这以外，家族的一切都是谜。

她的饭量小，留下很多食用不了剩余的血。
为此，被吸了血的人也不会死，多数只会贫血，
因此，增加同族总是失败。

与之相对，洒落了很多的血，使洋装变得鲜红，
因此被大家称为「Scarlet Devil（绯红恶魔）」

自称特佩斯一族3的末裔。
真的继承了德拉克拉一族的血统么？
谁也不知道呢，也许没有吧

符攻击共10种","吸血鬼","操纵命运程度的能力（红魔乡、萃梦想、永夜抄、求闻史纪）","永远幼小的红月"
"芙兰朵露·斯卡蕾特/ フランドール?スカーレット / Flandre Scarlet","○恶魔之妹
芙兰朵露·斯卡蕾特

能力：把所有存在之物都破坏掉的程度的能力


EX BOSS。大小姐的妹妹。

吸血鬼且是魔法少女，495岁左右，恶魔的妹妹。
精神有些问题，因此一般不许她外出。她也不打算外出。

喜欢蕾米莉亚姐姐，
那种无法抑止的破坏力，
远远凌驾于蕾米莉亚之上。

平常并不太易怒，不过因为常常有点奇怪，他人也很难理解她。

通常，吸血鬼为了觅食，
是不会作到把人杀死这种程度的。
然而，芙兰朵露因为只吃别人拿给她的食物，
不知道如何袭击人类。
因此下手也不知轻重，会将人类炸得连一滴血都不剩。

说不定，她可能没有意识到日常自己吃的东西就是会动的人类吧。
因为每日吃的东西，都做成了外观类似""蛋糕""或是""红茶""的东西了...




符攻击共10种","吸血鬼","把所有存在之物都破坏掉的程度的能力（红魔乡）
将一切悉数破坏程度的能力（求闻史纪）","恶魔之妹"
"蕾蒂·霍瓦特洛克/ レティ?ホワイトロック / Letty Whiterock","","妖怪","操纵寒气程度的能力 （妖妖梦、求闻史纪）","冬天的遗忘之物"
"橙 / 橙 / Chen","○凶兆的黑猫
橙
Chen

二面BOSS，凭依在栖息于山中的猫妖的式神。
主要拥有使用妖术程度的能力。

其真正的身份，是蓝的式神。也就是说，橙是妖怪的式神的式神。
虽说是式神，平时也不是咒符的样子，而是保持一样的姿态，
没有区别。
在没有被式神附身的平时，也会说人话，普通的跳来跳去，但顶多拥有
吓唬人类这种程度的能力。另外，外观和性格不会改变，但冬天会在被
炉里蜷成球状。

将鬼神凭依在猫妖身上从而获得较高的妖力，但因为使役橙的也是式神，
所以其能力稍低。

并且碰到水的话式就会脱离。没有被式凭依的猫妖状态的橙一般也怕水，
反正总是怕水。

○隙间妖怪的式之式
橙
Chen

EXTRASTAGE的中BOSS。
自之前的伤痊愈还没过多久，竟会再次战斗。
这次是在主人附近，拥有更加强大的妖力，这个力量，会对眼前的人类

奏效么？","妖兽","吓唬人类程度的能力（非式神）/使用妖术程度的能力（式神）（妖妖梦）
使用妖术程度的能力（求闻史纪）","System.Xml.XmlElement"
"爱丽丝·玛格特洛依德 / アリス?マーガトロイド / Alice Margatroid","○七色的人偶使
爱丽丝·玛格特洛依德
Alice Margatroid

三面BOSS，挺普通的魔法使。
主要拥有操作魔法程度的能力。

姑且算是个万能的魔法使，并没有什么格外擅长或不擅长的属性。
硬说的话比较接近魔理沙，可以说是妖怪版魔理沙吧。

爱丽丝也是个收集家，有着收集书籍之类的魔法道具的癖好。同为收集家，
所以时常会碰见魔理沙，两人的关系可说是水火不相容。
最近热衷于收集有说道的人偶。

与灵梦她们战斗并没有明确的理由。只是因为在那里所以成为了魔法的对手。对于
爱丽丝来说，用压倒性的力量取胜没有任何乐趣或意义可言，因此总是
观察对手的实力，再用稍高一点的力量去战斗。就算输了也不会使出全
力。

因为如果尽全力战斗却输了，那就真的没有退路了。

这种性格倒是跟灵梦比较相像。","魔法使","操控人偶程度的能力（地灵殿、求闻史纪）
操纵魔法程度的能力（妖妖梦、萃梦想、永夜抄）","七色的人偶师"
"莉莉霍瓦特 / 莉莉白 / リリーホワイト / Lily White","○带来春天的妖精
莉莉霍瓦特
LiliWhite

四面中BOSS，临近春天便会冒出来的妖精。
主要拥有告知春天到来程度的能力。

在游戏中没有任何台词，也不会使用Spell Card。
也就拥有比杂鱼强点程度的能力。

无论等多久春天都没有到来，所以跑到云上一看，那里已经
是春天了。其本人，只是想要把来到云上春天总算是来临了这件事，
告诉眼前的人类而已，不过被灵梦她们

当成是攻击了。","妖精 　　","告知春天到来程度的能力（妖妖梦、求闻史纪）","运送春天的妖精"
"露娜萨·普莉兹姆利巴 / ルナサ?プリズムリバー / Lunasa Prismriver","○骚灵三姐妹
长女露娜萨·普莉兹姆利巴
Lunasa Prismriver
次女梅露兰·普莉兹姆利巴
Merlin Prismriver
三女莉莉卡·普莉兹姆利巴
Lyrica Prismriver

四面BOSS，骚灵兼任演奏队。吵闹程度ｘ３。
主要拥有不用肢体就能演奏乐器程度的能力ｘ３。

被西行寺家召来演奏，报酬是可以赏花。每当有什么宴会这三个人就会
被叫去，通过演奏来使气氛高涨。即人们常说的沿街拉琴、弹弦、吹号
的幽灵宣传家。这次，因为西行寺家要举办大型赏花会，所以像往常一
样被叫过来了。

露娜萨是做什么都很出色的优等生类型。不论对待什么事都不喜欢拐弯
抹角，会堂堂正正地一决胜负，并很强。性格是按部就班地去做事但却阴沉。
同时坦率而容易被欺骗。
擅长的乐器是弦乐器，尤其拿手的是小提琴。平时喜爱
独奏。

梅露兰属于有点奇怪的类型。魔法力量最强却使用不当。性格从容开朗。
有点狂躁病的苗头。
擅长的乐器是管乐器。尤其拿手的是小号。

莉莉卡性格狡猾。平时教唆姐姐们而自己不去战斗。只想着用最小程度
的气力去获得最大程度的利益。
性格精神又聪明。其态度和行为都计算到了三步以后。
擅长所有的乐器，但一般担当使用键盘乐器或打击乐器。


三个人的出生要追溯到遥远的从前。过去，有一位叫做普莉兹姆利巴伯
爵的人类的贵族。伯爵有四个女儿，并非常疼爱她们。

然而，因为一次不幸的事故，四个女孩失去了家人。无依无靠的孩子
们分别被领养，只有四女蕾拉
无法离开那个充满了回忆的宅邸。
蕾拉用尽其力，创造出了有着姐姐们身型的骚灵，并随着宅邸和骚灵一
起消失了。

时光流逝，四个人早在许久以前便逝去了，但宅邸却作为骚灵
宅邸而留在幻想乡。骚灵三姐妹，如今仍在那个宅邸里吵
闹地生活着。

三个人的演奏虽在各种地方进行，其轻快的节奏与古典乐器的组合，
似乎格外受到快活的冥界住人的喜爱。

不过，演奏本身并没有附加效果，也不会从中得到治愈。","骚灵","不用双手操控就能演奏乐器程度的能力（妖妖梦、求闻史纪）
演奏忧郁之音程度的能力（花映塚）","骚灵提琴手"
"梅露兰·普莉兹姆利巴 / メルラン?プリズムリバー / Merlin Prismriver","○骚灵三姐妹
长女露娜萨·普莉兹姆利巴
Lunasa Prismriver
次女梅露兰·普莉兹姆利巴
Merlin Prismriver
三女莉莉卡·普莉兹姆利巴
Lyrica Prismriver

四面BOSS，骚灵兼任演奏队。吵闹程度ｘ３。
主要拥有不用肢体就能演奏乐器程度的能力ｘ３。

被西行寺家召来演奏，报酬是可以赏花。每当有什么宴会这三个人就会
被叫去，通过演奏来使气氛高涨。即人们常说的沿街拉琴、弹弦、吹号
的幽灵宣传家。这次，因为西行寺家要举办大型赏花会，所以像往常一
样被叫过来了。

露娜萨是做什么都很出色的优等生类型。不论对待什么事都不喜欢拐弯
抹角，会堂堂正正地一决胜负，并很强。性格是按部就班地去做事但却阴沉。
同时坦率而容易被欺骗。
擅长的乐器是弦乐器，尤其拿手的是小提琴。平时喜爱
独奏。

梅露兰属于有点奇怪的类型。魔法力量最强却使用不当。性格从容开朗。
有点狂躁病的苗头。
擅长的乐器是管乐器。尤其拿手的是小号。

莉莉卡性格狡猾。平时教唆姐姐们而自己不去战斗。只想着用最小程度
的气力去获得最大程度的利益。
性格精神又聪明。其态度和行为都计算到了三步以后。
擅长所有的乐器，但一般担当使用键盘乐器或打击乐器。


三个人的出生要追溯到遥远的从前。过去，有一位叫做普莉兹姆利巴伯
爵的人类的贵族。伯爵有四个女儿，并非常疼爱她们。

然而，因为一次不幸的事故，四个女孩失去了家人。无依无靠的孩子
们分别被领养，只有四女蕾拉
无法离开那个充满了回忆的宅邸。
蕾拉用尽其力，创造出了有着姐姐们身型的骚灵，并随着宅邸和骚灵一
起消失了。

时光流逝，四个人早在许久以前便逝去了，但宅邸却作为骚灵
宅邸而留在幻想乡。骚灵三姐妹，如今仍在那个宅邸里吵
闹地生活着。

三个人的演奏虽在各种地方进行，其轻快的节奏与古典乐器的组合，
似乎格外受到快活的冥界住人的喜爱。

不过，演奏本身并没有附加效果，也不会从中得到治愈。","骚灵","不用双手操控就能演奏乐器程度的能力（妖妖梦、求闻史纪） 
演奏狂躁之音程度的能力（花映塚）","骚灵小号手"
"莉莉卡·普莉兹姆利巴 / リリカ?プリズムリバー / Lyrica Prismriver","○骚灵三姐妹
长女露娜萨·普莉兹姆利巴
Lunasa Prismriver
次女梅露兰·普莉兹姆利巴
Merlin Prismriver
三女莉莉卡·普莉兹姆利巴
Lyrica Prismriver

四面BOSS，骚灵兼任演奏队。吵闹程度ｘ３。
主要拥有不用肢体就能演奏乐器程度的能力ｘ３。

被西行寺家召来演奏，报酬是可以赏花。每当有什么宴会这三个人就会
被叫去，通过演奏来使气氛高涨。即人们常说的沿街拉琴、弹弦、吹号
的幽灵宣传家。这次，因为西行寺家要举办大型赏花会，所以像往常一
样被叫过来了。

露娜萨是做什么都很出色的优等生类型。不论对待什么事都不喜欢拐弯
抹角，会堂堂正正地一决胜负，并很强。性格是按部就班地去做事但却阴沉。
同时坦率而容易被欺骗。
擅长的乐器是弦乐器，尤其拿手的是小提琴。平时喜爱
独奏。

梅露兰属于有点奇怪的类型。魔法力量最强却使用不当。性格从容开朗。
有点狂躁病的苗头。
擅长的乐器是管乐器。尤其拿手的是小号。

莉莉卡性格狡猾。平时教唆姐姐们而自己不去战斗。只想着用最小程度
的气力去获得最大程度的利益。
性格精神又聪明。其态度和行为都计算到了三步以后。
擅长所有的乐器，但一般担当使用键盘乐器或打击乐器。


三个人的出生要追溯到遥远的从前。过去，有一位叫做普莉兹姆利巴伯
爵的人类的贵族。伯爵有四个女儿，并非常疼爱她们。

然而，因为一次不幸的事故，四个女孩失去了家人。无依无靠的孩子
们分别被领养，只有四女蕾拉
无法离开那个充满了回忆的宅邸。
蕾拉用尽其力，创造出了有着姐姐们身型的骚灵，并随着宅邸和骚灵一
起消失了。

时光流逝，四个人早在许久以前便逝去了，但宅邸却作为骚灵
宅邸而留在幻想乡。骚灵三姐妹，如今仍在那个宅邸里吵
闹地生活着。

三个人的演奏虽在各种地方进行，其轻快的节奏与古典乐器的组合，
似乎格外受到快活的冥界住人的喜爱。

不过，演奏本身并没有附加效果，也不会从中得到治愈。","骚灵","不用双手操控就能演奏乐器程度的能力 （妖妖梦、求闻史纪）
演奏幻想之音程度的能力（花映塚）","骚灵键盘手"
"魂魄妖梦 / 魂魄 妖夢 / Konpaku Youmu","○幽人庭师
魂魄妖梦
Youmu Konpaku

五面BOSS，幽灵和人类的混血。
西行寺家的专属庭师第二代兼大小姐的护卫。
主要拥有使用剑术程度的能力。

妖梦，使用一挥便可斩杀十匹幽灵程度的长刀「楼观剑」，
和能够斩断人类迷惑的短剑「白楼剑」，
修整着庭院。


先代，魂魄妖忌，在担任了大概三百年庭师后的
某日突然顿悟，让还过于年幼的妖梦继承职位后幽居了。妖梦的剑术
还不成熟，在成熟之前可不能荒废每日的修行。本是作为师父
的先代却消失了踪迹，连妖梦也不
知他在哪里。妖梦想，这也是一种教导吧。

这次，受西行寺大小姐之命，为了使西行妖满
开而收集着幻想乡的春。

在这白玉楼，除西行妖外还有许许多多的樱花树，但每年只有这棵西行
妖不会开花。先代好像见过其满开，但

「那是很惊人的樱花，不过想必不会再次开放了」

如此说道。
妖梦在那时还没有理解其含义，和西行寺大小姐下达命令的真
正的理由。

妖梦掌管着据说（当然是大小姐的夸大之词）幅面近两百由旬的
西行寺家的庭院。这个庭院栽有数量令人惊恐的樱花，
对于冥界中的住人来说是赏樱的圣地。每逢春季，
妖梦就会为了收拾而大忙特忙。

今年也不例外，幽灵们因近年少见的樱花美景而十分感激。据说个个
都在感慨「做幽灵真好」。看到它们，一半人类的妖梦不禁「做一半幽
灵一半好」这样一半赞同道。


接下来，就只剩等待西行妖的开花了。","人类与幽灵的混血","使用剑术程度的能力（妖妖梦、萃梦想、永夜抄、花映塚、神灵庙、鬼形兽、求闻史纪）","半分虚幻的园艺师"
"西行寺幽幽子 / 西行寺 幽々子 / Saigyouji Yuyuko","○幽冥阁楼的亡灵少女
西行寺幽幽子
Yuyuko Saigyouji

终面BOSS，具有光辉传统的西行寺家的大小姐，现在是亡灵公主。
主要拥有操纵死亡程度的能力。

很久以前，幻想乡有一位歌圣。歌圣热爱自然，据说直至死都在旅行。
当悟到自己的死期时，依自己的愿望在最为美丽的
樱花树下进入了永眠。

自那以来，那棵樱花树开得愈来愈灿烂，令很多人入迷，结果很多
人都在那里进入了永眠。拥有这种死亡魅力的樱花，不知何时
便拥有了妖力。


从那时起又过了千年光阴。

西行寺家有一棵有说道的妖怪樱「西行妖」。
这棵樱花树，自幽幽子来到这里，不论哪年春天，
都从未开过花。

一日，幽幽子像往常一样享受着读书的乐趣时，自书架上发现了一本古
老的文献。其中记述着不知发生在何时的

「富士见之女，于西行妖满开时，分开幽明境（意为死亡），
其魂将安息于白玉楼中，封印西行妖之花，以是为结界。
可能的话，望不会再次遭受痛苦，永久
忘却轮回转生…」

这样的事。
幽幽子想，解开西行妖的封印，使其满开的话就会有什么人物复活，于
是顺着兴趣就开始收集春度了。

本来，存在于冥界的几乎都是灵体。因此她对沉睡在冥界的
西行妖下的亡骸抱有了疑问与兴趣，并想要解开这个封印。
她在平时，只能引诱人或妖怪等的死亡。
这样的她第一次想要来复活死者。


多亏庭师妖梦的拼命努力，西行妖之外的樱花都已然满开，西行妖也快
开花了。就在还差一点点的时候，原本就狭小的幻想乡的春度快要见底
了。

这时候，手持少量的春度的人类会到访，是谁都没有预料到的。

于是乎，为了剩余的春度，便开始了战斗。



然而幽幽子，不知是平时的生活太过安逸，还是记录的
文献太过古老，她直到最后，都没有发现
文中所记述的逝去的少女，正是自己。

原本，幽幽子只是能够操纵死灵的人类而已。但不知何时，变得能够引
诱死亡了，并很简单地就可以将人置于死地。她为了摆脱这种能力而自
尽了。

变成亡灵之后，不单生前的事迹统统忘掉，而且都开始乐于引诱死亡了，
这真是叫人省心到没什么好说的了。

幽幽子既不会转生也不会消逝地留在楼中，正是因为有着西行妖的封印。
这个结界一旦解开，静止的时间就开始
止不住地流动起来，这，再次与幽幽子的死连系在一起。将自己
复活会导致白玉楼中自己的消逝，复活
会在咫尺之前失败也就是理所当然的了。

到头来幽幽子还是只能操纵死亡。

唯一知晓这件事的先代魂魄妖忌，因为一半人类的性质而缓缓年老，自
认为已将幽幽子的事托付给了妖梦后便消失了。

不论到何时，幽幽子都将作为冥界的公主，
已经死绝了的西行寺家的大小姐生活下去。


幽幽子看见西行妖开花的那一刻，绝不会到来。","亡灵","操纵死亡程度的能力（妖妖梦、萃梦想、永夜抄、神灵庙、求闻史纪）","幽冥楼阁的亡灵少女"
"八云蓝 / 八雲 藍 / Yakumo Ran","○隙间妖怪的式
八云蓝
Ran Yakumo

EXTRABOSS。紫的式神。在紫沉睡期间代替主人进行各种活动。
主要拥有使役式神程度的能力。

紫一天要睡十二小时，只在傍晚到深夜这段时间活动。而且在冬季要冬
眠。因此，睡觉期间便将工作交给这个式神来做。

蓝，因为变为式已经很长久了，比随处可见的妖怪拥有更强的力量。因而，
蓝都会自己做出式神来了。说不定已经忘记了自己也是式神这件事。

每年，一到樱花盛开的季节，都会前去冥界赏樱的圣地。
今年刚开始感到盼望的樱花绽放得很久的时候，有些奇怪的活着的人类
混了进来。觉得很有趣，于是决定先观察一段时间。

后来，得知自己的式神橙被这帮人类欺负了，于是企图稍微报复一下。

其实是狐妖。跟橙一样，外貌姿态都跟平时一样，但性情温和。不用仔
细看也知道有尾巴。
其实自实体状态之时，就有着很高的妖力。


干这干那的时候，自己的主人也一直在睡着。","妖兽","使驭式神程度的能力（妖妖梦、求闻史纪）","隙间妖怪的式神"
"八云紫 / 八雲 紫 / Yakumo Yukari","○神隐的主犯
八云紫
Yukari Yakumo

一到春天便会醒来的隙间妖怪。
主要拥有操纵所有境界程度的能力。

跟幽幽子是故知的关系，但并不是幽灵。在幻想乡中，
静静栖息在最边境的妖怪。从这里，边看着博丽大结界
边生活着。

偶尔会有人类混进幻想乡，也是由于紫有时去摇晃境界
的结果。人类所称的神隐这种现象，如果被知晓其实不是什么神明所为，
只是这名妖怪少女捣的鬼的话，什么神秘性都会失去
吧。

紫平时不怎么活动，一般操纵式神蓝来生活。
但因为基本都是在睡，其间都丢着蓝不管，
所以基本不知道蓝在做什么。

当得知这位式神蓝被什么人打败了的时候，稍微惊讶了下但还是去睡回
笼觉了。

自回笼觉醒来的时候，总算是察觉到周围已然是一片春色。
其实大约十天前就已经是春天了，
但每每睡去又忘记，醒来又惊奇。

在蓝恢复之前，没法安心睡觉呀，这样想着
但还是睡过去了。

这个时侯，幽幽子来拜托希望修复因为这次骚动而稀薄了的幽明的境界。
你自己叫它变弱的还管什么修复不修复呀，
这样想着揉揉睡眼便出发了。

久违到访冥界的紫，因为异常热闹的气氛而感到奇怪。西行寺家不是更
寂静的地方吗？虽然这么想，但也许是幽幽子换了个嗜尚吧
这样自顾自地理解了。

途中遇见了庭师妖梦，详细地了解了情况。根据妖梦所描述似乎是
倒了大霉，但紫怎么听都觉得是自作自受。


所有人，看起来都因为那棵妖怪樱而失常了。那棵樱花树吸入的人类的
精气太过量了。一直都觉得很危险。尽管这样想，但也很清楚，凭自己
的力量是什么都做不到的。
幽幽子生前的时候，紫就知晓了。也知道，其实，并不是幽幽子被妖怪
樱所封印，而是幽幽子的亡骸封印着妖怪樱

这件事。","妖怪","操纵境界程度的能力（妖妖梦、萃梦想、永夜抄、地灵殿、儚月抄、求闻史纪）","神隐的主犯"
"伊吹萃香 / 伊吹 萃香 / Ibuki Suika","○萃集的梦、虚幻、随后百鬼夜行
伊吹萃香


种族：鬼
住处：被称为鬼所居住之国（现在不知在幻想乡的何处）
能力：操纵密和疏程度的能力

幻想乡里被认为不存在的鬼。据说她就是鬼。

鬼一般来说很开朗而且很喜欢酒，当然也很喜欢宴会，喜欢和人类进行正式的比赛，
只要是有关胜负的事情不论是格斗也好或是比酒量也好。
只要看到有兴趣的人类就想和那个人类以人类选择的规则战斗。
在胜利之后就会把那个人类抓走。

鬼认为快乐而做的事情，人类一点都不会觉得那样做会快乐。
只是人类并没有和鬼相敌的水准。假如人类能强到超过鬼的话，
互相就能感到快乐，但是人类没这么做。
不仅如此，人类还用卑鄙的计策把鬼一网打尽。

鬼抓走人类，象征了人类的恐怖心，那也是鬼存在的理由之一。
对于人类其实也需要那种恐怖心……
但是，那些全都被人类为了自己而单方面地破坏掉了。

鬼因为人类反复进行的卑鄙的乱抓鬼计策，移居到了永远抛弃人类，
而人类也永远去不了的地方，传说是这样的。
已经看不到鬼的行踪了。

据说她就是鬼。

的确很开朗而且喜欢酒，也喜欢宴会以至于使宴会每隔三天就举办一次。
这次为何会作出这种事情呢，那是在游戏当中所要说的并不是在这里说的。
但她真正的目的是要取回人类和鬼的信赖关系。
但是要说为何失败了呢……？
这个也是要在游戏最后所要说明的。

性格就如上面所说的很开朗且喜欢酒。天真而且非常单纯。
和一大群人在一起，会使气氛变得很快活，
而只有两个人在一起，长时间的话会逐渐变烦。
或者说非常孩子气。

能力是可以操纵密和疏。不管是任何东西，都可以让它集结起
来或是分散开来。如果集合人的想法的话，可以举行宴会这样的事情，
也可以把自己分散成雾这样的状态。妖雾是非常微小的她。
并不是创造新的力量，只是把在那里的东西集结分散而已罢了、
可以集结起东西而创造别的物体。这算是接近很特殊的创造能力了。
不愧是已经失传的鬼之力量，也可以这样说吧。

身体能力非常的优越，力量、速度、妖力，全都超越人类太多。
唯一的缺点是、萃香的攻击距离太短，她通过各种各样的手段弥补这缺点。
不愧是喜欢和人类进行决斗，即使喝醉酒了也非常强大。

或者说越醉越强。或者说没醉的时候几乎没有。","鬼","操纵密和疏程度的能力（萃梦想）
操纵密度程度的能力（求闻史纪）","萃集梦想、虚幻、以及百鬼夜行"
"莉格露·奈特巴格 / リグル?ナイトバグ / Wriggle Nightbug","○１面BOSS 于黑暗中蠢动的光虫
莉格露·奈特巴格
Wriggle Nightbug

种族：妖虫
能力：操纵虫子程度的能力

１面的BOSS。

她身边总是围绕着很多虫子。大量集结的萤火虫之所以能分秒不差，
整齐地同时闪烁，正是因为当中存在着她这样的命令中枢。

不要以为只是虫子而已，一旦被大量的虫子袭击，根本撑不了多久。
特别是使她发怒，让她使出真正实力的话，大量的恙虫会被召唤出来，
令人高烧致死。


不适应寒冷的环境和害怕杀虫剂。","妖虫（永夜抄）
妖怪（求闻史纪）","操纵虫子程度的能力（永夜抄、求闻史纪）","暗中蠢动的光虫"
"米斯蒂娅·萝蕾拉 / ミスティア?ローレライ / Mystia Lorelei","○２面的BOSS 夜雀妖怪
米斯蒂娅·萝蕾拉
Mystia Lorelei

种族：夜雀
能力：以歌唱使人发狂程度的能力

２面的BOSS。
亦能将人变成鸟目。

人类都把她唤作夜雀，但几乎都不曾见过其真面目。这是
因为她只会于深夜出没，那个时候人类已什么都看不到了。
要是见过她的样貌，也许就不会称她为「雀」了吧。

她的歌声会令人类的判断神经变得迟钝，被黑暗迷惑的人将就此消失
于黑暗中。这也是黑夜会容易迷路的原因之一。

另外，她也能够将人类变成鸟目（在黑暗的地方，视力会极端低下的一种病），

借此来隐藏自己。","夜雀（永夜抄）
妖怪（求闻史纪）","以歌唱使人发狂程度的能力（永夜抄、花映冢）
用歌声迷惑人程度的能力（求闻史纪）","夜雀妖怪"
"上白泽慧音 / 上白沢 慧音 / Kamishirasawa Keine","○３面的BOSS吞噬历史者
上白泽慧音
Keine Kamishirasawa

种族：半白泽2
能力：吞噬(隐藏)历史程度与创造历史程度的能力

平常是人类的姿态，但到了满月之夜则会变身成白泽
的半白泽。为人类时，具有吞噬历史的能力。白泽
的时候，则拥有幻想乡所有的知识，拥有创造历史程度的能力。

察觉这次异变，意识到敌人的力量非常强大，为了从妖怪
手中守护人类，于夜里封锁了人类的村庄。

将历史吞噬，使任何人都没法发现村庄的存在。

虽然本身是妖怪，但因为非常喜欢人类，所以总是与其同一阵线。

其能力，亦只是为人类而使用。","半白泽（永夜抄）
兽人（求闻史纪）","吞噬(隐藏)历史程度与创造历史程度的能力（永夜抄）
吞噬历史程度的能力（人类时）

创造历史程度的能力（动物化时）（求闻史纪）","知识与历史的半兽"
"因幡天为（因幡帝） / 因幡 てゐ / Inaba Tewi","○５面道中BOSS地上的兔子
因幡帝
Tewi Inaba

种族：妖怪兔
能力：使人类幸运程度的能力

在注意健康长久生存的过程中，掌握妖怪之力的兔子。
在永远亭居住，是兔子群的首领，但其容易冲动的性格
较之妖怪来说，更像是妖精。

于竹林里迷路的人，偶然会看到她的身影。据说只要见
到她就必定能够找到出路，所以人们都将她看成是迷途竹林
的引路人。

其实，把从她那里得来的幸运用于这种地方实在是浪费，

不过人类是不会注意到的。因为是笨蛋嘛。","妖怪兔（永夜抄、花映塚、儚月抄）
妖兽（求闻史纪）","赋予人类幸运程度的能力（永夜抄、花映塚、求闻史纪、儚月抄）","地上兔"
"铃仙·优昙华院·因幡 / 鈴仙·優曇華院?イナバ / Reisen Udongein Inaba","○５面BOSS 狂气的月兔
铃仙·优昙华院·因幡
Reisen Udongein Inaba
种族：月兔
能力：操纵狂气程度3

住在月球上的兔子。
红色之瞳孔中所隐含的是地上兔子几倍以上的疯狂。

现在是辉夜的宠物。名字本来只唤作レイセン(片假名4)
为了冒充地上人而特地加上汉字，但感觉非常不自然。

优昙华院是永琳起的爱称。但此名字的含义至今未明。
还有，永琳会亲热地叫她「ウドンゲ」5。
随便取了个爱称，而且还省略，宇宙人的思想确实令人难以理解。

イナバ6则是辉夜所起的爱称。倒不如说所有兔子都是叫イナバ的。
辉夜称她为「イナバ」的话，就不能区分她与帝了，不过总觉得她就是不想让人区分。
可能因为都是兔子，所以什么都要一样。

她是月兔，在地上人开始向月球发动侵略战争的时候，从月球逃了出来，

详细内容见辉夜的部分。","月兔（永夜抄、花映冢、绯想天、绀珠传、儚月抄）
妖兽（求闻史纪）","操纵狂气程度的能力（永夜抄、花映冢、绯想天、求闻史纪、儚月抄）
操作波长程度的能力（绀珠传）","狂气的月兔"
"八意永琳 / 八意 永琳 / Yagokoro Eirin","○６面BOSS 月之头脑
八意永琳
Eirin Yagokoro

种族：月人
能力：制造各种药物程度的能力。天才。

月之民。也就是宇宙人。已在地上隐居了相当长的岁月。
和辉夜的交往，始于很久以前，辉夜还在月球居住的时候。

八意家是不知从何时开始定居于月球的天才药师家族。其中永琳
的知识则更是拔群。她的头脑远远凌驾于人类之上，亦因此会经常
说一些令人难以理解的说话。

事实上，比起辉夜，她拥有压倒性的力量。但她好像常常保留实力，
显得不超过辉夜。

遥远的过去，月之公主辉夜为赎罪而被放逐至地上，刑期届满之时，
她正是前去带回辉夜的使者之一。却为了某个原因而与辉夜共谋，
一起杀害了其它使者。为了让当时与辉夜一起居住的卑贱的地上人保守
秘密，永琳交给其以特制的「蓬莱之药」。
只要服下此药，就能长生不死。

然而那地上人却并未使用这蓬莱之药的样子，很快就死掉了。
后来才得知，他好像是被什么人杀掉了。

详细内容见辉夜的部分。


另外，她在见到咲夜的时候表现得很惊讶，其中的原因也就只有永琳自己才知道了。","月人","制造各种药物程度的能力。（永夜抄、求闻史纪）天才。（永夜抄）
制作所有药物的程度的能力（儚月抄）","月之头脑"
"蓬莱山辉夜 / 蓬莱山 輝夜 / Houraisan Kaguya","○最终BOSS永远和须臾的罪人
蓬莱山辉夜
Kaguya Houraisan

种族：月球人
能力：操纵永远和须臾程度的能力

辉夜是月之民的一族，作为月之公主被慎重地养育着。
所以，骄生惯养的她非常任性。但是，以某件事为契机，
辉夜的生活发生了巨大的变化。因一时之兴而让永琳做
禁断的秘药(蓬莱之药)，而且还亲自参与。

那件事很快就暴露了，辉夜被处决了。

然而，拥有永远之力的辉夜即使死了亦能马上转生，
实际上不可能会死掉。作为处罚，辉夜被命令在下次生命中
跟地上的卑贱之民一起生活，而被打入凡尘。
很快她就被一个地上人发现，并取名辉夜展开了地上的生活。

――

辉夜是在地上出生，在地上生活的原月之民。暂时
持续了一段自由自在的生活......。其后却因不断有人来，
地上的生活也变得艰辛起来了。

数年后，辉夜终于因刑期届满而迎来了回归月球的时刻。但是，
鉴于地上人照顾自己多年的恩情，心系此地的她怎也不愿意就
此回归月球。然而地上毕竟有污秽之处，生活也有难过之时，辉夜陷入了深深
的烦恼中。这时，她从月球来的使者当中见到了自己所熟识的
面孔。那正是永琳。

对于制造禁药的自己反而获得赦免，这件事使永琳对辉夜抱持
极大的歉咎感。出于这份强烈的感情，她觉得必须为辉夜做点
什么。于是她决定与辉夜一起在地上生活。

永琳背叛了月之使者，并协助辉夜逃走。就这样，两人来到远离
人烟的山野，开始了隐居生活。是的，就是那据闻有妖怪出没的
深山里......

――

――从那以后，确实经过了相当长的一段时间。

不知从何时开始，月球再也没有派出使者到访了，两人也就淡忘
遥远的过去而安稳地生活着。

可是，就在一个平静的日子里，发生了一件唤醒辉夜记忆的事。

幻想乡从与人间界隔绝开始，已经快要有百年的时光了。辉夜
亦如往常一样，不与任何人接触，默默地生活着。
有一日，一只妖怪兔逃到了辉夜身边。那兔子
说自己是实际上是月兔，从传闻中听说了住着非人类生物的幻想乡，
几经艰辛才闯进此地。据那兔子所说，「月球因遭受到
侵略已变得无法居住了，那伙人随便把自己的旗子插在月球上，
还声称月球是他们的东西」。

那兔子在月之民战斗时，舍弃了同伴死里逃生了。

辉夜终于想起了自己也是月球人的事。

人类侵略月球了？
这种荒谬的事不可能发生吧。
虽然半信半疑，但那只兔子看起来并不像在说谎的样子。
怎么说也是一只可怜的兔子，──名唤レイセン1，就将她养在家里了。

――不知不觉又过了数十年。

辉夜和永琳、铃仙三人，依旧过着无聊的日子。
在这里居住的话，无论是谁都能过上悠闲和安稳的生活。这简直是一处
乐园般的地方。

一个满月之夜，铃仙她感应到了由其它月兔所发出的兔之波动。
那是，不管相距多远都能透过那大耳朵来互相对话，月兔所拥有
的特殊能力。
大致内容如下。

「下贱的地上人榨取月之魔力，并企图在月球建立基地的样子。
我们月之民虽致力与人类进行协商，但看来已到极限了。

我们月之民，决定对地上人展开最后的全面战争。
眼下的战况，在火力上我方稍呈不利之势。敌人所使用的现
代化兵器，其威力已超乎我们想象。
但这并不足为惧。我们月之民拥有数千年智慧和骄傲。
不可能会输。

レイセン，月球马上就要成为战场了。
回来与高傲的我们并肩作战吧。

最后，告诉那些与你同住的地上人。
我们将于下次满月之夜前来接走レイセン。
不要再作无谓的扺抗了。」

铃仙将自己必须回月球的消息告诉了辉夜。然而，
一起生活的辉夜等人亦不属于地上人，而曾是月之民。

――辉夜的记忆苏醒了。
犯罪之前在月球上的生活。
与下贱的地上人共渡的时光。
杀害迎接自己的月之使者，遁世生活之事。

辉夜与永琳商量了下，决定不将铃仙交还予月球。
杀掉使者的话，就又得寻觅另一处地方隐居了。但是，她已厌倦
这种藏起来生活的事了。于是和永琳商量，有没有办法赶掉月之使者，
同时堂堂正正地在地上生活。

永琳在辉夜刚说完时，瞬间这么回答道。

「那就让满月从此消失于地上好了。
如此一来，月球和地上就不能往来了。
从地上看到的满月，是月球和地上来往的唯一的钥匙。
所以，月之使者亦只有于满月才能到访。
要是破坏那钥匙的话......
地上，就成为一个巨大的密室了。」



辉夜等人将真正的月亮隐藏起来，并用假月亮替换了
地上人所见的浮在空中的月亮，只是，那虚假的月亮上却有着一点瑕疵。

就这样，地上与月球之间就再也无法通行了。

可是，万万想不到本该是依靠满月之力的妖怪们，其力量竟然会
如此强大。这是唯一的误算。

结果，在人类和妖怪合力下，这个幻术终归是被打破了，
不过得知了幻想乡本就是一个封闭的空间。要直接从月球来
到这里本来就是不可能的。

现在辉夜等人无须再隐居了，正在永远亭过着普通的生活。

月球呢？
至于月球的结局，选择在地上定居的

辉夜等人当然不会知道了。","月球人（永夜抄）
月人（儚月抄）","操纵永远与须臾程度的能力（永夜抄、求闻史纪、儚月抄）","永远和须臾的罪人"
"藤原妹红 / 藤原 妹紅 / Huziwara no Mokou","○EXBOSS蓬莱人的外形
藤原妹红
Huziwara no Mokou

种族：人类
能力：不老不死程度的能力

服用了蓬莱之药，一直生存着的人类。

在很久很久以前，尚未变成不老不死的她，乃是贵族人家的女儿。
但其存在并不为人所知，好像只是一个不曾被寄予厚望的孩子。
某一日，父亲忽然向一位身份低微的女子求婚，却被对方以难题
羞辱。那女子正是辉夜。

自此以后，年幼的她一直对辉夜怀有敌意。后来得知对方将要回
到月球了，她心里盘算着要如何报这一箭之仇。可惜，她花尽功夫
亦无法接近。虽然最后还是给辉夜逃脱了，但妹红觉得至少要夺走
对方所留下的那个「药壶」。

可是得到药壶的那个人，却不明原由地想要把它弃置于山上，
以之为目标，妹红成功夺到了药壶。而那个壶中放着的，
就是蓬莱之药......。
从那个时候开始，就再没有人见过她的身影了。

不会成长的人类不能在同一个地上生活。她只能不断移居，过着
颠沛留离的日子。虽然人类不能一个人生存，但是妹红
却不会死亡。虽然会饿，受了伤也会痛，但就是不会死。
最后，她唯有来到远离人烟的深山，过着妖怪一般的生活。

接着又过了很长一段岁月。

现在，与辉夜厮杀就是她的日常。
最初在这个深山见到辉夜的时候真是吃了一惊，但到头来也没什
么大不了的。身体变成这样，亦是辉夜留下的蓬莱之药的缘故。
说是要回月球，但归根结底怎么可能回到月球去呢。辉夜也只不
过是逼不得已搬家的普通人罢了。总觉得有些气馁，原来辉夜也
同样是普通人啊。

即使是现在依然痛恨辉夜。而她也似乎希望我消失。但死是不会
死的。多么充实的每一天啊。这远离凡尘之深山，定是真正的
蓬莱净土。

活着，是何等美好的事啊。","人类","不老不死的程度的能力（永夜抄、求闻史纪）","蓬莱的人之形"
"射命丸文 / 射命丸 文 / Syameimaru Aya","○传统的幻想记者
射命丸文
Syameimaru Aya

种族：鸦天狗
能力：操纵风程度的能力

幻想乡的鬼还在时、千年以前就在这里居住的天狗。
原形是乌鸦。拥有操纵风程度的能力。
性格认真不好通融。
对强者用正式礼仪对待，对弱者很强横。
但是，对采访的对象很有礼貌。

她所拥有的力量，是幻想乡里最高级别的，
但她绝不会去卖弄自己的力量。
而且，她不光拥有天狗的特性。


平常在山里居住，以和风同样的速度和同样的方向移动。
喜欢小道消息，总是购买信息，和天狗们交换情报。
情报每次经过交换都会有所改变，最后大部分传言都会变为大话。

天狗中有很多喜欢收集幻想乡女孩子的传言。
（因为）自己去观察，从同伴那里获得等（所以）没有新情报的情况几乎就不存在。
只是这些情报里混杂了大量谎言。

她不定期制作名为「文文。新闻」的报纸，
在天狗间传阅。净是假话的报纸。

这次发生了异变，天狗们都很高兴。
因为这时能得到各种各样的情报，

当然，这些情报都是那份报纸上写的。","鸦天狗（花映塚、风神录、绯想天）
天狗（地灵殿、求闻史纪、天空璋）","操纵风程度的能力（花映塚、风神录、绯想天、地灵殿、求闻史纪、天空璋）","传统的幻想记者"
"梅蒂欣·梅兰可莉 / メディスン?メランコリー / Medicine Melancholy","○小小的甜蜜的毒药
梅蒂欣·梅兰可莉
Medicine Melancholy

种族：人偶
能力：操纵毒程度的能力

被扔到铃兰田地的人偶，经过漫长的岁月妖怪化了。
只妖怪化了几年而已，妖怪中的新手。
拥有操纵毒程度的能力。

由植物中取得的某种成分可以使动物狂乱。
她从这种事得到了经验，从而确立了操纵人类的方法。

此外，由于自己不是生物，所以一切毒对她都没效果。

人偶平常都是被人类操纵的。
因此她很希望去解放人偶，
不过，几乎没有人偶去支持她。
因为其他人偶不能依靠自己的力量行动。

本来不该在此时绽放的铃兰，今年一起绽放了。
不但如此，本该在秋天开放的花也在此时一起绽放了。

她很想知道幻想乡的未知之力是怎样的存在。","人偶（花映冢）
妖怪（求闻史纪）","操纵毒程度的能力（花映冢）
使用毒药程度的能力 （求闻史纪）","小小的甜蜜毒药"
"风见幽香 / 風見 幽香 / Kazami Yuka","○四季的花之领主
风见幽香
Kazami Yuka

種族：妖怪
能力：操纵花程度的能力

居住在幻想乡的妖怪。拥有操纵花程度的能力。
非常喜欢季节性开放的花朵，春天的春之花、
夏天的夏之花、秋天的秋之花、
冬天也会有少量的冬之花，
以一年内所有时间都有花开放为目标而努力。

此次，看到幻想乡开满鲜花的她，
没有感到惊讶，因为她知道异变的缘由。
并且觉得如果能一直这样持续下去很幸福。

异变必然是要在不知不觉中被解决的。
而她决定要享受这场塚中的异变。
六十年才有一次的异变，不去享受的话实在太可惜了。


没有特别的目的，只是在地享受“反复地睡觉-起床-赏花-睡觉……的生活”。","妖怪 　　","操纵花程度的能力（花映冢、求闻史纪）","四季的鲜花之主"
"小野塚小町 / 小野塚 小町 / Onozuka Komachi","○三途河畔的摆渡人
小野塚小町
Onozuka Komachi

种族：死神
能力：操纵距离程度的能力

负责幻想乡和其对岸间的河流的摆渡的妖怪。
拥有操纵距离程度的能力。

人死后就得渡过三途河。她负责把渡河的方法告诉死者们。
根据她心情的变化，河的宽度和深度也会发生相应的变化。
如果生前做的坏事太多，是不能渡河的。

死神判断善人和恶人的标准不是按罪的分量，而是“钱”。
虽说是按“钱”来判断善人和恶人，但所谓的“钱”不是指人死前拥有的财产，
而是有多少人衷心地去悼念死者。
至于裁定罪行，那是渡河之后的事了，不在她的工作范围内。

死后，想请她摆渡必须给她“钱”，而死者手中的“钱”不是自己生前的财产，
而是在人间衷心悼念死者的人的财产总合，死者都会为这个而惊讶吧。

据说有钱人生前被很多人讨厌，
而死后，摆渡人问他们要钱，
总会惊讶自己手边的钱为什么这么少。

当然必须把手中全部的“钱”给她，来请求其摆渡，
不舍得拿出全部的“钱”的话，会被她扔到河里。
河是非常宽的，游泳游得疲倦后，
会被在河中栖息的被认为已经灭绝的大型鱼和水龙吃掉。


这次，幻想乡之所以会被花的海洋淹没，是因为她的工作量一下变的太大。
死者的魂一下出现太多，不能渡过冥河的魂都留在了幻想乡，
走投无路的灵魂们都选择寄宿在它们附近的花中。

不过小町看到这些后，还是像往常一样不紧不慢地做着自己的工作，

这一切都被她的上司——四季映姫看在眼里，映姫当然被小町的做法激怒了。","死神","操纵距离程度的能力（花映冢、绯想天、求闻史纪）","三途河的引航人"
"四季映姬·夜摩仙那度 / 四季映姫?ヤマザナドゥ / Shikieiki Yamaxanadu","○乐园最高的裁判长
四季映姬·夜摩仙那度

种族：阎魔大人
能力：判断是非黑白程度的能力


在地狱居住制裁死者的神。拥有判断是非黑白程度的能力。
她的名字是四季·映姬，夜摩仙那度是阎魔大人中的官职之一。
名字里基本都要带有担任的部门的名称。


和人类不同，她自己本身拥有着判断事物善恶的标准。
判决是死者无法颠覆的。善恶的标准是非常复杂的，
从事件的成立，到有关联的人，都影响着罪的轻重。

绝对不要对她说谎、隐瞒一些事使自己看起来像好人。
因为谎言被揭穿后会被施以重罪。

她平时负责给死者定罪，判断让死者去地狱还是天界，或者别的什么地方。
受工作的影响，说教的让人有些烦。



她十分在意幻想乡的异变，起先她还在想小町为何不运送死者，
等她再次观望幻想乡时，发现那里已经被花的海洋所淹没了。

彼岸花、向日葵、铃兰、莲还有樱花等等，全部一起盛开了。
在她还没了解事态之时，
生活在幻想乡的人类和妖怪已经杀气腾腾地冲过来了。

看见那个身影后她马上了解了全部的事情。
这是六十年的「那一年」。

这些花全都是死者所寄宿之物，不去处理魂是小町的怠慢所致。
小町是那种有自己的一套工作方法的死神，认为大地被花海所淹没很漂亮，
除此之外没去想别的。

她并不是想使被花之海洋所淹没的幻想乡恢复原状，
因为时间的流逝会使一切恢复原状。
实际上这场异变也没有造成任何损害吧。

比起花的海洋，眼前就是背负有罪恶的家伙。

以她的性格，是不会轻易把罪人放走的。","阎魔大人（花映冢）
阎魔（求闻史纪）","判断是非黑白程度的能力（花映冢、求闻史纪）","乐园的最高裁判长"
"秋静叶 / 秋 静葉 / Aki Shizuha","○1面中BOSS寂寞与终焉的象征
秋静叶
Aki Sizuha

种族：红叶之神
能力：掌管红叶程度的能力

1面BOSS穰子的姐姐。平常姐妹两人一起掌管幻想乡的秋天。
她并不是很擅长亲自战斗，不过若是有人来妨碍秋天，
还是会给予些惩罚以警告他们。

认为秋天里红叶是最美的，给妹妹看美丽的红叶时，会沉浸在优越感中。

冬天到来时会变得没精神。","红叶之神","掌管红叶程度的能力（风神录、求闻口授）","寂寞与终焉的象征"
"秋穰子 / 秋 穣子 / Aki Minoriko","○1面BOSS丰收与成熟的象征
秋穰子
Aki Minoriko

种族：丰收之神
能力：掌管丰收程度的能力

1面中BOSS静叶的妹妹。平常姐妹两人一起掌管幻想乡的秋天。
她每年都被村子里的人邀请作为收获祭的客人。
收获前是不会邀请她的，因为丰收是无法约定的，
这样的做法也不错呢，她也不在意这种事。

在漂浮着果物和农作物的香味时，总是对静姐姐保持着优越感。

冬天到来时会变得没精神。","丰收之神","掌管丰收程度的能力（风神录、求闻口授）","丰裕与收成的象征"
"键山雏 / 鍵山 雛 / Kagiyama Hina","○2面BOSS秘神流雏
键山雏
Kagiyama Hina

种族：厄运之神
能力：储存厄运程度的能力

带走悲剧的人偶军团3长。
为了驱除厄运而把厄运收集起来。
所以，在外行人看来，厄运正包围着她。

靠近她的话，不论是人类和妖怪都会变得不幸。
不过她自身却绝对不会变得不幸。
只是在她周围储存着而已。

为了厄运不再回到人类而看守着（厄运）。","厄运神、疫病神","储存厄运程度的能力（风神录、求闻口授）","秘神流雏"
"河城荷取 / 河城 にとり / Kawasiro Nitori","○３面BOSS超妖怪弹头
河城荷取
Kawasiro Nitori

种族：河童
能力：操纵水程度的能力

在妖怪之山居住的河童。在这里暂留时，河童很少在人类面前出现。
河童隐蔽地观察人类，和人类的关系很好。

是个会突然改变态度和语气，有着奇怪性格的家伙，
令人意外的是她很怕生。
被人看到就会立刻跑掉。

是个老练的技工，发现人工物会立刻拆开，然后再组装好。
为了方便，工具都装在她的衣服里。

这次想要击退欲进入山里的灵梦等人，是因为她判断山里发生紧急情况了。


最后、因为灵梦一行人似乎把警告当成了耳边风，荷取马上被叫进了山的深处。
反正她们也只是想看看那谜一样的神吧。


一番争论之后，最后河童接受了新来的山神。","河童","操纵水程度的能力（风神录、地灵殿、求闻口授）","超妖怪弹头"
"犬走椛 / 犬走 椛 / Inubashiri Momizi","○４面道中Boss下端警戒天狗
犬走椛
Inubashiri Momizi

种族：白狼天狗
能力：看见千里之外程度的能力

在妖怪之山上巡逻着的天狗。
视觉，嗅觉均很优秀，可以瞬间发现侵入者。
在发现侵入者后，先是用简单的攻击进行威吓，如果仍不起作用的话，
便会马上回去向大天狗大人报告。

她的部队在一般情况下，都在瀑布的内侧待机。
因为她的性格协调性很高，所以会忠实的执行任务。
虽然这对妖怪来说是很稀罕的事情，不过在天狗的社会里还挺常见的。

但是，因为妖怪之山基本是没什么侵入者的，所以她一般很闲。
在待机的时候，经常去找附近同样闲的河童，
一起玩一种被称为大将棋的出乎人们想象的耗时间的游戏。


对寿命很长的妖怪们来说，打发时间的手段实在是有够难找的。","白狼天狗","看见千里之外程度的能力（风神录）","下端哨戒天狗"
"东风谷早苗 / 東風谷 早苗 / Kochiya Sanae","○５面Boss被祭拜的风之人
东风谷早苗
Kotiya Sanae

种族：人类
职业：风祝
能力：引发奇迹程度的能力

代代单传的拥有秘术的人类。
性格上，总是非常认真，而且对自己的力量保持着自信。
有时也会自信过头就是了。

原本，是祭祀着风之神的人类的样子，
但是在使用了秘密的秘术引发呼云唤雨的奇迹之后，
周围的人们对施行秘术的人类也产生了信仰。

也就是说，由风神大人引发的奇迹，不知何时开始，
被错认为是由人类所引发的奇迹了。

正因为如此，她们这些使用着秘术的人类，以人类之身收集了信仰，
受到了和神同样的待遇。这正是现人神。

早苗从小时候开始，便精通了仅由口授来传授的呼唤奇迹的秘术。
身为小孩子，却可以呼唤奇迹的她，聚集了众多的信仰——
原本应该是这样的。

但是，外面的世界却早已大大的改变了。就连那些神德深厚的神们，
信仰的人类都大幅度减少。当然，对于身为人类却成为神的现人神来说，
信仰的人更是几乎没有。


虽然早苗如果没有被信仰，作为普通的人类生活下去也应该没有问题的，
但是被早苗所祭祀的神，神奈子却不能这么做。

作为神来说，失去信仰便会失去力量。神德也会不能增加。
这样的神，就等同于死亡。

神奈子决定了。从人类那里收集信仰是有极限的。
今后必须得考虑也从妖怪那里收集信仰了，她说。

早苗听了具体的计划后大为吃惊。在我国，自古就存在一个名为『幻想乡』的世界。
那个世界的话，现在一定也存在于某个不为人知的地方吧。
在那个世界里，充满了外面的世界已经失去（变成了幻想）的东西。
也就是说，对于神的信仰，应该也进入了幻想乡才对。
然后，神奈子说，要把神社移动到幻想乡之内。从此与人类的社会诀别了。


虽然对离开人类的世界有些许害怕，不过对于可以引发奇迹的她来说，
可以前往奇迹的世界是更为快乐的事情。

她本质上是非常轻视幻想乡的人类的。就算是威胁幻想乡唯一的博丽神社，
也是为了幻想乡好，她如此肯定着自己的思考。然后她便去对灵梦进行了威胁，然后便像这次一样被打得很惨。

住在幻想乡里的人类，对她来说意外的麻烦，而且她也发觉到了，
并不只是她才拥有着力量。

在那里，她不是什么特别的存在。
她发觉自己在这里不是作为什么现人神，而是成为了一个普通的人类。

之后也只有作为幻想乡的人，普通的生活下去了吧。","人类","引发奇迹程度的能力（风神录、星莲船、神灵庙、绀珠传、求闻史纪）","祭祀风的人类"
"八坂神奈子 / 八坂 神奈子 / Yasaka Kanako","○６面Boss山坡与湖水的化身
八坂神奈子
Yasaka Kanako


种族：神明
能力：创造乾程度的能力

最近，把神社移动到妖怪之山的神明。

虽然根据名字八坂(无数的山坡)来看，她也被叫作山神，
不过实际上却是掌管风雨的神。
因为掌管着刮风下雨这种事情，所以被当作农业之神祭祀着。

至于为什么被当作山神来祭拜，其中的缘由好像非常复杂。
知道其真实情况的，只有神奈子和诹访子两个人而已。


作为神奈子的招牌的『注连绳2』，被表现为蛇盘绕的样子。
重复着蜕皮过程的蛇，意味着复活与再生，永远。

但是，人类知道了寿命的概念，便不再相信永远。
而且农业上也有了与风雨对抗的手段。
对于山来说，已经可以预知火山喷发和地壳运动。翻越大山的危险亦消失了。

对，人类已经开始信仰科学与情报了。
与此同时，对她们神明的信仰逐渐消失。


她们摸索着取回信仰心的方法。
然后做出了一个重大的赌博。
那就是『把在人类世界的神社由变为幻想的存在，在幻想乡收集信仰』之事了。

虽然失去了残存的全部信仰会暂时失去力量，
不过只剩这个办法可行了。比起步向毁灭的过去的荣耀，她选择了存在可能性的未来。


——然后，她的计划看起来成功了。
比预想中还要顺利的，把神社移动进了幻想乡，
很快，她已经在妖怪之山中被当作神来供奉。

虽然对于过分的顺利抱持着疑问，不过在知道了幻想乡的结构之后，
总算大概明白了一点。

幻想乡里，有被称为博丽神社的一间神社存在。
那个神社，虽然已经基本上失去了信仰心，却意外的在妖怪里相当有人气，
传说有妖怪甚至在里面长期逗留。

对于妖怪来说，那个神社，大概变成了一个不错的游乐场吧。

神奈子与信仰的对象一起，作为妖怪的玩伴被接受了。
而且宴会也是每天晚上都有开。

不过实际上，神明也期望着一起玩耍这种事。所谓祭典，
就是神和人类一起玩的事情了。由于经常跟人类一起玩得不知所以，
神和人类，之间也产生了作为同一团体的连带感。
即使人类的位置被妖怪换掉了，也是一样的。

而这简直就是，神奈子所期望的『信仰』的形式。



但是，神奈子对于幻想乡的知识太贫乏了。

她不知道幻想乡的妖怪们也是分有几大势力的。
尽管，她已经收集了山上的妖怪们的信仰，并且作为交换也给予了莫大的神德。
这些事，山上的妖怪，也就是天狗和河童们的力量已经强过头了，她却没有发觉到。
这些事，恐怕会导致平稳的幻想乡的平衡被打破吧。

神奈子她，为了取回幻想乡的平衡，之后也必须取得山脚下的妖怪和人类的信仰才行吧。

为了这个，就不得不利用博丽神社来进行了。

看来离在幻想乡里取回在外面同等的信仰的目标，好像还有一段距离的样子。","神明","创造乾程度的能力（风神录、求闻口授）","山坂与湖水的化身"
"洩矢诹访子 / 洩矢 諏訪子 / Moriya Suwako","○Extra Boss土著神的顶点
洩矢诹访子
Moriya Suwako

种族：神明
能力：创造坤程度的能力

住在守矢神社的真正的神明。
身为山神，也是住在山里的各种各样的神明的领导者。

在遥远的古代，她是管束着拥有令人吃惊的信仰心的『御社宫司神4』的神。
御社宫司神是负责诞生，农业，军事，各种各样的事情的作祟神，
同时也是只要受到一点轻视马上就会降下神罚5将对方杀掉的恐怖神明。
能够控制住这位神明的只有诹访子了。
正因为如此，对于她的信仰心非常恐怖，
在当时甚至作为神的同时作为王而建立起了一个王国。

但是，她的王国却曾经受到过大和众神的入侵。
所谓来访王国的大和之神，正是神奈子。
大和的众神们，不断的把小王国划归己有。
最后要统一所有的国家，建立一个被称为日本的统一国家，他们这么说。


当然，诹访子进行了抵抗。她使用了当时最先进的铁制武器进行战斗。
但是，神奈子施放了大量细小的植物藤蔓，使诹访子所拥有的大量
铁制车轮全部锈蚀粉碎了。看到这神力的差距而确信了自己的败北，
诹访子干脆的投降，把王国交了出去。

然后，神奈子得到了洩矢之国。


但是，洩矢之国的人们，没有忘记原来的土著神御社宫司的恐怖，
所以坚决不接受这新的神明。

神奈子没有得到这里的信仰心，所以也放弃了这个王国的所有权。
相对的，她叫了新的神来与洩矢的神进行融合，在这个王国里作为『守矢』，
而在外面则使用其他的名字。这样一来总算是有点支配了王国的样子了。
守矢的话，当然，是洩矢的事了。然后神奈子则是借来了诹访子的力量，
自己作为山神而君临了山里。


名义上支配了这个王国的新的神，在大和的神话里是个只有名字保存下来的神，
实际上，诹访子是一直都支配着王国的。
现在外面的神明已经基本被大和的神话所替换了，
只有她一个人，仍然以古代的方式悄悄的获得着信仰。



不过，就算这个长久以来不断取得的信仰，
也在科学的时代来临时开始逐渐的消失了。

虽然诹访子一开始还没有察觉到这个事实，
不过焦急的神奈子已经连把神社搬进幻想乡这种事都干出来了。

诹访子虽然不知道在幻想乡会混得很容易，
不过，还是把其当成了最后的游玩享受。
既然没有和擅自舍弃王国，跑去幻想乡的神奈子发生争执，
就说明对于外面的世界已经没有留恋了。
知道自己名字的人，已经基本上没有了。

毕竟，就连本应该是最接近的人类的早苗，也不太了解诹访子的事情。

早苗现在虽然是作为神奈子的巫女，
但是可以呼唤奇迹的她，实际上是诹访子的遥远的子孙。
尽管，她连为什么自家的神社居然供奉着两个神也没有搞清楚的样子。

诹访子已经对被完全忘记这种事情感到无所谓了。
而且对于可以在幻想乡开始第二段人生这种事，
实际上还对神奈子抱持着一分感谢。



那么，说起来，神奈子既然是作为风神，
为什么背后却要背个蛇状的绳作标志呢？

理由的话，有两个。

其之一，蛇拥有再生的含义。这是为了对抗御社宫司神的恐怖。


然后，另一个是……
因为要暗示自己赢了诹访子这件事情。

要问为什么？
因为诹访子是以蛙为形态的神，而蛇是吃蛙的动物。
在那个新的王国里，现在很盛行以青蛙做祭品的活动，
向人们暗示着『蛇取代了青蛙而统治了王国』。


这也算是诹访子和神奈子干架的原因之一吧。


不过实际上两人利害关系一致，而且实际上也很要好。","神明","创造坤程度的能力（风神录、求闻口授）","土著神的顶点"
"永江衣玖 / 永江 衣玖 / Nagae Iku","○美丽的绯之衣
永江衣玖

种族：妖怪（龙宫使者）

在龙的世界与人类的世界之间生活的妖怪。
偶尔，也有发生行迹或是尸体被人类发现的事情，但是活生生地现身的先
例是绝少的。
能够听懂龙的语言，但是只有重要的内容才会透露给人类和妖怪。

长长的羽衣边缘会自己散发绯色的光泽、其美丽难以言喻。
传说若人类披上这件羽衣，就能够在天空中飞翔。


居所：云中

大半的人生都在云中悠游度日。
没有刻意要去做的事情，仅仅优雅地游动，关注着龙神的一举一动。
因此，基本不会对人类构成任何危害。


能力：解读周遭程度的能力

能够立即掌握和适应身处的环境。
只要没有发生相当程度的事态，就不会采取扰乱场面的行动。

拥有以柔克刚的技巧。
有时会消除自己的存在，以化解所有的攻击。


性格：在任何场合下都不去做主角，怕麻烦

通常只是悠然自得，对他人的行动毫无兴趣。

多数情况下都不会去宣扬自己的主张，而是更多地去观察他人的行动。","妖怪（龙宫使者）","解读周遭程度的能力（绯想天）","美丽的绯之衣"
"比那名居天子 / 比那名居 天子 / Hinanawi Tenshi","○非想非非想天之女
比那名居天子

种族：落魄天人

居于天界的不良天人。

比那名居家原本是负责守护镇压地震之要石的神官。

但是，比那名居家的要石形同虚设，地震时有发生。
因为频繁的地震而无法完成负责地震处理的天人大村守的工作，当时幻
想乡一带的地震就被大村守委派给了名居一族。

名居一族是地上的神官，死后被称为名居守，在山中池
水边上的祠堂里被视为神明祭拜。
名居守至今也静静地守护着幻想乡。

而与此同时，在生前作为名居守部下的比那名居一族，也
因这个功绩而得到褒奖，得以在天界居住。

但是，比那名居一族与其他的天人不同，并没有积累过足够的修行，仅
仅是供名居守差遣，所以不具备天人应有的品格，在天界被称为不良天
人。

比那名居地子只是沾了父母被名居守差遣的光而附带着成为
了天人的小孩子罢了。

地子在成为天人的时候，把名字改为了天子。
天子并不喜欢自己在天界的处境，多次偷偷观察着幻想乡，对村中的人
类和乡里的妖怪们怀有羡慕之意。

然后有一天，幻想乡的妖怪们以自己的力量引发了异变，
在幻想乡境内引发骚动并以此为乐。天子看在眼里，不禁沉思。

「我，对无聊的天人生活已经忍无可忍了！
就凭我的话，也是可以引发个异变的」

于是天子离开了自己的家。
带着天界的道具——绯想之剑……


居所：天界
能力：操纵大地程度的能力

能够镇压地震，引发地震。
虽然有效范围小，但在幻想乡中仍然能使较远的地方发生震动。
同时，地表下沉土崩石摧这样的灾难也是手中绝技。

另外在幻想乡，不管是插下要石还是拔出要石，都只有比那名居一族能
够做到。

如若拔出要石，将会动摇整个幻想乡的地基。


绯想之剑的能力：洞察气质程度的能力

使用绯想之剑，能够准确无误地击中对手的弱点，只有天人才能操使绯
想之剑。
这把剑首先会把对手的气质雾化，转化成任何人都能用肉眼辨视的形态
。然后将把那种气质的弱点作为性质缠绕于剑身。

用绯想之剑表现出的气质的形态，正是天气。
被绯想之剑所斩的气质会转化为绯色之雾，并形成天气。

在天子看来，只要持有要石和绯想之剑，便能将天、地、人完全掌控。


性格：温室娇女、任意妄为。自鸣得意。

与印象中天人的格调相去甚远，毫无威严。
不过这也是可想而知，天子本人完全没有身为天人的自觉，只不过是因
为自己的父母为神官做事而神格化，才令一族人鸡犬升天般成为天人。

过于优越的生活环境，也对天性贪玩的天子造成了不良影响。
也总是会做出完全不顾及对方的事情。


对于自己的能力拥有绝对的自信，能力被人轻视会变得相当激动。","落魄天人","操纵大地程度的能力（绯想天）","非想非非想天之女"
"琪斯美 / キスメ / Kisume","○１面中BOSS可怕的水井妖怪
琪斯美
Kisume

种族：钓瓶落
能力：掉落鬼火程度的能力

走在夜路上的时候突然从正上方掉落，撞在头顶上的恐怖妖怪。


平常都呆在洞窟或者水井里。非常喜欢狭窄的地方所以一直都在桶里，是个内向的妖怪。","钓瓶落","降下鬼火程度的能力（地灵殿）","可怕的水井妖怪"
"黑谷山女 / 黒谷 ヤマメ / Kurodani Yamame","○１面BOSS昏暗洞窟中明亮的网
黑谷山女
Kurodani Yamame

种族：土蜘蛛
能力：操纵疾病（主要是传染病）程度的能力

活动于旧都和洞窟底层的妖怪。
对于和人类战斗没有丝毫抵触情绪。性格开朗好战。

但是因为其能力而被所有见过她的人所讨厌。只是，她本人并不会随便让他人患上疾病。经常和她接触就会发现她是个开朗有趣的妖怪，

在地下的妖怪之间非常有人气。","土蜘蛛","操纵疾病（主要是传染病）程度的能力（地灵殿、求闻口授）","昏暗洞窟中明亮的网"
"水桥帕露西 / 水橋 パルスィ / Mizuhashi Parsee","○２面BOSS地壳下的嫉妒心
水桥帕露西
Mizuhashi Parsee

种族：桥姬
能力：操纵嫉妒心程度的能力

她呢，其实算是看守连结地上与地下的纵坑的守护神。
负责守望着他人能够平安从地上世界到达地下世界，以及从地下世界来到地上世界。

但是，其性格非常容易嫉妒，看到有似乎很欢乐的家伙就会心情不爽。
一旦发现那样的家伙，就会跑去捣乱。


嫉妒会产生更多的嫉妒，在她因嫉妒而疯狂的同时，也会煽动他人的嫉妒心。","桥姬","操纵嫉妒心程度的能力（地灵殿、求闻口授）","地壳下的嫉妒心"
"星熊勇仪 / 星熊 勇儀 / Hoshiguma Yugi","○３面BOSS为人所传诵的怪力乱神
星熊勇仪
Hoshiguma Yugi

种族：鬼
能力：拥有怪力乱神程度的能力

和萃香一起曾经被称为山之四天王的鬼族一员。现居住于旧都中。
旧都过去虽然曾经是地狱的一部分，是伴随着地狱小型化计划而被废弃的土地。

这里虽然有居住着各种各样的妖怪，但其中具有代表性的妖怪便是鬼族。
鬼族对于人类的欺骗行为感到厌恶决定主动离开，利用地狱多余的土地构建了新的社会。

同时鬼族也积极的率先接收那些在地上同样遭到欺骗耍弄的妖怪。
对此事产生危机感的地上妖怪们，作为承认新的地底都市的条件提出了一个要求。

那便是由他们来封印地底的怨灵。相对的定下了任何妖怪都不得进入地下都市的约定。

鬼们完全断绝了与地上的交流，不为人知的开始了全新的社会生活。


勇仪和其他鬼一样，每天一边嬉闹一边喝酒，快乐的享受着生活。

突然听说有强大的人类来此，虽然酒才喝到一半但还是慌忙前去想一探究竟……","鬼","拥有怪力乱神程度的能力（地灵殿、求闻口授）","人所谈论的怪力乱神"
"古明地觉 / 古明地 さとり / Komeiji Satori","○４面BOSS连怨灵都恐惧的少女
古明地觉
Komeiji Satori

种族：觉
能力：读心程度的能力

地灵殿的主人。

虽然地底都市已经被排除在地狱之外，但那些曾经是地狱设施的遗迹里依然还残留着无数上天无路的灵们，因而必须有人对他们进行管理。

在灼热地狱遗址上建立起了地灵殿，她就在那里居住了下来。
因为她能够读取他人心中的想法，不管是任何妖怪，怨灵都为之感到恐惧，
不知从何时起几乎没有人再来地灵殿造访了。

但是，相反因为能读心而受到那些不会说话的动物们的喜爱，地灵殿逐渐变成了充满火焰猫，地狱鸦等宠物们的房屋。

因为宠物的增多结果导致灼热地狱遗迹无法完美的管理，最后只得把很多管理事项交由宠物们去做。

把宠物的管理交给宠物去做。
把庭院的修缮交给宠物去做。
把陪妹妹玩的工作交给宠物去做，如此。

但是，突然出现不应该出现的地上的人类，在听说怨灵和间歇泉异变之后她大吃一惊。

怨灵的管理她交由阿燐去做，灼热地狱的火力调节则交给了阿空。
她们应该都是忠心于觉不会做什么坏事才对。她相信决不会发生什么异变才对。

搞不好，也许是眼前这个人类撒谎有什么别的企图，她这么想着。
读了那人类心中的想法之后，她又吃了一惊。

她们的心中，几乎没有任何关于怨灵和间歇泉的情报。

觉诧异了，她决定先试探一下她们。","觉","读心程度的能力（地灵殿、求闻口授）","怨灵也为之惧怯的少女"
"火焰猫燐 / 火焔猫 燐 / Kaenbyou Rin","○５面BOSS地狱的轮祸
火焰猫燐（通称：阿燐）
Kaenbyou Rin

种族：火车
能力：带走尸体程度的能力

真正的名字叫火焰猫燐
本人比较讨厌很长的名字，所以总是叫别人称呼自己阿燐。

是栖息于火焰中的猫，觉的宠物。能说善辩，因为可以和尸体以及灵体对话，所以被任命管理灼热地狱遗迹的怨灵。

她跟灵乌路空是交情很深的朋友。和她是从刚被觉饲养的时候开始，
也就是当地底不再是地狱之后她们便成了朋友。


某日，她在灼热地狱遗迹中感觉到了异样。
火力比平常任何时候都要强。

火力的管理是空的管辖范围。阿燐立刻找到空却吃了一惊。
不知是从谁那里得到的，总之她获得了让人感到恐惧的强大力量。

从那以后，空开始自命不凡，到处想要显示自己的力量。
最后甚至说想要将地上变成灼热地狱来进行统治。

那种事情怎么可能呢。觉大人也不会允许那样。
而且那种企图一旦被地底的什么人知道的话，空搞不好还会遭到鬼族的捕杀。
阿燐对于朋友的变化感到诧异，使用了禁断之技。


那便是将怨灵送往地面上。如此一来如果能让地上的妖怪们察觉到有异变的话，也许事情会有所改变。
她虽然向地面上的妖怪们求助，但出现在她面前的却是地上的人类。

那个人类出人意料的强，据说是被称为治退妖怪专家的人类。
如果那个人类确实有实力的话，搞不好可以教训一下自命不凡的空也不一定，她那么想。


虽然一开始就去找觉大人商量便可，但阿燐总觉得还是先隐瞒空出现异样的事实比较好。因为她总觉得一旦察觉到空有那种异样，觉大人应该也会毫不留情的将空捕杀吧。
当然其实根本不会那样，但就像小孩子怕被家长发现自己的秘密一样，
阿燐也害怕自己的秘密被发现。

因为阿燐对她抱有一种敬畏的想法。","火车","带走尸体程度的能力（地灵殿、求闻口授）","地狱的轮祸"
"灵乌路空 / 霊烏路 空 / Reiuzi Utsuho","○６面BOSS难以驾驭的神之火
灵乌路空（通称：阿空）
Reiuzi Utsuho

种族：地狱鸦with八咫乌
能力：操纵核融合程度的能力


外表大放异彩的乌鸦。

左足乃『分解之足』
右足乃『融合之足』
然后右手所持的是控制它们的『第三足』

据说她就是靠这三足来操纵究极的能量。

在沉入永眠的火焰地狱遗迹上有一座地灵殿。
在地底世界已经不再是地狱的现在，已经不再会有罪人被贬入此地，
现在只有以前就住在这里的地狱鸦，负责搬运尸体的火车，其他一些怪异的妖怪们，以及只靠怨恨行动的怨灵们住在这里。
觉呢，把这块属于自己的土地分配给宠物们居住。

空也和燐一样，是觉的一只宠物。

燐负责怨灵，而空则负责看守火焰地狱遗迹防止其失控。
她的工作就是，发现火焰变旺了就打开中庭的天窗，火力不足了就将燐送来的尸体扔进其中，借此来调整火力。
每天每天，虽然都重复着同样的事情，但也算过着平稳充实的生活。


但是，从某天开始这种日子被打破了。

有什么人从地上，没有被任何人发现一口气进入了地狱火焰遗迹当中。
然后对她说了什么。
那声音的内容刺激了她的好奇心。

『在地狱火焰遗迹中隐藏有诞生出人类能够获得的最后一种能量的秘密。
以及，你这只栖息在火焰中的乌鸦。
你应该可以让那究极的力量寄宿于自己身体中。
那样一来不仅是对于地底，也可以给地上带来更多的希望吧』

她被光芒所包围，感觉到有什么人进入到了自己的身体当中。
等回过神来便发现自己的样子产生了巨大的变化。

空对于使用获得的力量感到非常有趣，回过神来发现灼热地狱遗迹已经恢复了以前的热度。
那温度烧热了地下水，当水蒸气的压力到达极限时便会变成间歇泉一口气喷出地面。

从地上来访的使者。
那究竟是什么人呢，以及目的是什么。
空小小的头脑中，立刻说出了那样的疑问。



——八咫乌
进入她身体里的力量是一种被称为八咫乌的神。
有三只脚的乌鸦，据说居住在太阳上。

八咫乌所拥有的究极力量，便是创造原子的力量，核融合。

核能，这是留给未来的究极幻想。","地狱鸦 with 八咫乌","操控核融合程度的能力（地灵殿、求闻口授）","难以驾驭的神之火"
"古明地恋 / 古明地 こいし / Komeiji Koishi","○ＥＸ面BOSS紧闭的恋之瞳
古明地恋
Komeiji Koishi

种族：觉
能力：操纵无意识程度的能力

古明地觉的妹妹。
她也和觉一样，是能够读心的妖怪。
但是当得知读心会遭到他人的厌恶时，恋便闭上了能够读心的第三只眼。

虽然因此而失去了读心的能力，但相对的却可以在无意识下进行行动了。
虽然这样便不会遭到地底居住者们的厌恶，但同时也不会被恐惧也不会被动物们所喜欢了。

读心的能力，也是自己心灵的强度。
说那样会遭人厌恶而闭上眼睛的话，那不过只是单纯的逃避，结果和封闭自己的内心没有任何差别。那代表了不接受别人的心灵完全将其屏蔽的意思。


她变成了没有任何目的，仅仅只是在周围四处游荡的妖怪。对于她自己而言这样也算是有趣，所以并没有任何问题。但周遭看来这样的她稍微有一点可怜。

姐姐觉也只有恋她自己封闭起来的心灵无法读取，完全不知道她平常都在什么地方做些什么。
就像宠物猫一样在外面玩够了回来，很快又跑到外头去玩了。

觉感到现在这样的恋太可怜，最近开始命令宠物跟恋一起玩耍，
并给她分配了几只专属宠物。
觉认为通过饲养宠物能够让她找到目的，这样应该可以逐渐再次接受他人的心灵。
虽然微乎其微，但开始饲养宠物的恋似乎逐渐开始发生了变化。



这次，听说地上有人类下来跟姐姐和阿空她们争斗了一番，当中比较在意阿空惊人的能力提升，便开始向地上出发。

在无意识下行动的她，没有被任何人所察觉。
即使前往地上，即使从睡着的巫女身边通过，即使从有天狗巡逻的山上通过，都不会有任何人注意到她吧。

那样虽然非常方便，但看起来却十分的凄凉。
但是，现在的她却没有那能够感受到凄凉的心灵。


在目的地山上的神社偶然遇到的人类。与那未知的人类的相遇给她的心境带来了小小的变化。
她想，竟然还有这么有趣的生物存在啊，她想要更多的了解关于眼前这个生物的事情。这个时候她第一次，对于自己闭上第三只眼的事感到了后悔。


首先把她招待至地底的地灵殿去吧。
她和姐姐以及阿空，阿燐她们展开了一场什么样的战斗呢。
至今为止，她都和什么样的妖怪展开了战斗呢。
我想听听这无尽的话题。



当她这么想时，突然感觉到自己第三只眼睑仿佛变得柔和了。","觉","操控无意识程度的能力（地灵殿、求闻口授）","紧闭的恋之瞳"
"娜兹玲/ ナズーリン / Nazrin","○１面BOSS小小的寻宝大将
娜兹玲
Nazrin

种族：妖怪鼠
能力：要搜寻东西就能搜寻到的能力

纯粹的寻宝者。据说她能操纵无数的老鼠，为自己找寻物品。
可是，找寻的物品如果是食物的话，得到手之前会被老鼠们吃得乱七八糟。
生性狡猾，看到自己不敌的对手，就会立即逃走。

星委托她寻找两件物品，于是她在地上四处奔波寻找。
其中一件物品，是被称作飞宝的，飞仓碎片。
另外一件是毘沙门天的宝塔。

○５面中BOSS小小的寻宝大将
娜兹玲
Nazrin

娜兹玲终于找到了宝塔。
实际上，找宝塔这件事，甚至连村纱她们都不知道。

星居然把最重要的宝塔弄丢了，无论如何，这件事只会告诉自己的手下，不会告诉其他人。","妖怪鼠","要搜寻东西就能搜寻到的能力（星莲船、求闻口授）","探宝的小小大将"
"多多良小伞 / 多々良 小傘 / Tatara Kogasa","○２面BOSS愉快的被人遗忘的伞

多多良小伞
Tatara Kogasa


种族：伞妖
能力：惊吓人类程度的能力

不被人使用的伞变成的妖怪。
她原本是被人遗忘的伞，因为颜色不讨人喜欢，所以从来没有人捡起她，
在大风大雨中变成了妖怪。

很少给人类带来实质的威胁，只是看到被吓到的人，自己会觉得心情舒畅。
可是最近吓人的机会变少了，于是开始看经典的鬼故事，学习起经典的吓人手法来。

○EX中BOSS愉快的被人遗忘的伞

多多良小伞
Tatara Kogasa


她认为要吓人的话，还是在夜里最合适不过了。于是她前来吓人了。
不知道人类会不会被吓到呢，她很期待。
这次是唯一一个偶然路过的妖怪。

甚至策划着要去吓吓在幻想乡里建造了新寺庙的白莲。","伞妖（星莲船）
唐伞妖怪（神灵庙）","惊吓人类程度的能力（星莲船、神灵庙、求闻口授）","愉快的遗忘之伞"
"云居一轮 & 云山 / 雲居 一輪 & 雲山 / Kumoi Ichirin & Unzan","○３面BOSS守护与被守护的大轮

云居一轮
Kumoi Ichirin

种族：妖怪
能力：操纵入道程度的能力

云山
Unzan

种族：入道
能力：自由改变形状大小程度的能力

不知为何原因，守护着神秘船的妖怪。
使用入道，作为自己的监视眼。

并不是有人命令她做监视的工作，这完全是她自愿的。
她的目的到底是什么呢。

一轮性格老实，也相当机智，脑子转的快。
因此能够操纵头脑顽固的云山。


云山是由云变化成的入道。
是个性格顽固，不怎么说话的老伯，内心却十分善良。讨厌拐弯抹角的家伙，喜欢正直的人。

与村纱等妖怪是朋友，十分景仰白莲。

看到了白莲的慈悲，皈依在了同样是僧人的白莲门下。","妖怪","使用入道程度的能力（星莲船，求闻口授）","守护与被守护的大轮"
"村纱水蜜 / 村紗 水蜜 / Captain Murasa Minamitsu","○４面BOSS引发沉船的念缚灵

村纱水蜜
Captain Murasa Minamitsu

种族：船幽灵
能力：引发水难事故程度的能力

很久以前，在海上因沉船死亡的人类幽灵。
对世界抱有留恋，因此不能离开大海，令过往船只一只只地沉没，以此度日。

人类都畏惧她。
人的恐怖感让她成为了妖怪，渐渐地，她自由行动的能力受到了约束。
人们用她的名字村纱称呼这种妖怪。

某天，一个机会摆在她面前。
人们委托一位僧侣前往退治村纱。

对她来说，这是一件求之不得的事。
她认为，仅仅使一般人乘坐的船沉没的话，妖怪的力量（恐怖）也不会得到提升。
这位僧侣居然是非常有名的僧侣。让这个僧侣的船沉没的话，妖怪格也会得到提升的吧。
只要一成功，说不定就能脱离束缚自己的大海，袭击其他地方的人类了。


――几天后，退治她的僧侣乘船靠近了。
船上除了僧侣，还有几个人类。
她使用了全部的能力，本想威胁一下僧侣。
她本想用全部的能力，突破僧侣的法力。

但是出乎她的意料，僧侣完全没有防备。
甚至比普通的人类还要没有防备。
一瞬间，船沉了，船上的所有人落入了大海。

村纱失望了。
打倒毫无防备的对手，没有任何成就感。
这样想着，她突然看到了不可思议的景象。

僧侣漂浮在大海之上。
与刚才沉没的船不同，承载着僧侣的船通体闪烁着光辉。
那只船，是她在很久以前乘坐过的船。

「你一直在找这只船吧？
所以才让其他所有的船沉没了」

僧侣用自己的法力创造了一只光之船。

「那只船……！
突然觉得……好怀念」


对已经成为妖怪的村纱来说，与剑和弓的攻击相比，精神攻击最有效果。僧侣对此了如指掌。

「我们乘坐的船，因为意外而沉没了。
我用法力造出的船，是特殊的船，因此没人能够操纵它」

僧侣向着离不开水的她，伸出了手。

「你来操纵这只船」

僧侣的这句话，让她脱离了封印她的诅咒之海。


就这样过了几十年。
帮助妖怪的白莲，被人们抓住，封印了起来。
与此同时，与白莲相关的物品，全都被埋到了地底深处。
村纱与飞仓同时被埋到了地下。

村纱也没想到，自己会随着间歇泉一起，回到地面。
她发誓道。

这一次轮到我救白莲了。是的，乘着白莲造的船出发。","船幽灵","引发水难事故程度的能力（星莲船、求闻口授）","水难事故的念缚灵"
"寅丸星 / 寅丸 星 / Toramaru Syou","○５面BOSS毘沙门天的弟子
寅丸星
Toramaru Syou

种族：妖怪
能力：收集财宝程度的能力

吉利的妖怪。
很久以前，白莲曾信仰毘沙门天。于是，她想在寺庙召唤毘沙门天。
可是毘沙门天很忙，很少呆在寺庙。

白莲注意到，寺庙周围的古老妖怪们，开始害怕了。
貌似它们害怕的是毘沙门天。
它们认为真的要被毘沙门天退治了，所以才害怕的吧。

毘沙门天因为忙不能来寺庙，妖怪们害怕，不敢接近寺庙。
白莲突然想到了一个好主意。
在山上寻找最「正派」的妖怪，把它介绍给毘沙门天，让它替毘沙门天收集信仰。

于是，星被选上了。
她是虎形的妖怪，在寺庙所在的山上是最有威信的妖怪。
忙碌的毘沙门天，半同意似地将她收为自己的弟子。

可是，星并没有被完全信任。
因此，毘沙门天让自己手下的某只老鼠——娜兹玲负责监视。

貌似是毘沙门天担心过多，星没有招来任何的麻烦。
星非常的优秀。

可是，星太优秀了。
白莲被封印时，她并没有慌张，而是耐心地处理着毘沙门天的事务。
她一直没有把自己是妖怪这件事告诉人类。
她虽然觉得后悔，可是暴露身份就相当于自杀。

白莲被封印后，过了几百年，寺庙已变得非常荒废。
这时，封印于地底的白莲的朋友们却回到了她的面前。

她再也不愿后悔。不能逃避。
她把解开封印的办法告诉了村纱等人。她自己也是妖怪中的一员。
为了解开白莲的封印，她要尽一切努力。

「解开封印，需要白莲的弟弟——命莲的力量。
现在这力量只存在于飞翔的仓库——飞宝中……。

村纱，扬帆出航寻找飞宝吧！」","妖怪","收集财宝程度的能力（星莲船、求闻口授）","毘沙门天的弟子"
"圣白莲 / 聖 白蓮 / Hiziri Byakuren","○６面BOSS被封印的大法师
圣白莲
Hiziri Byakuren

种族：魔法使
能力：使用魔法的能力（擅长提升体能的魔法）


白莲的弟弟命莲是传说中的僧侣。
命莲能让看上去轻飘飘的飞钵，瞬间把贪婪老人的粮仓搬走，命莲还能完全治愈千里之外的人的疾病。

白莲年老后，向弟弟习得了法力。
只要呆在蓄积着命莲法力的飞仓内，自然而然地就能得到力量。

可是，命莲先于白莲过世了。
悲痛不已的白莲，开始极度畏惧死亡。
为了让自己不死，很快，她取得了返老还童的力量。与其说这是法术，
还不如说是妖术，魔法之类。


白莲获得了返老还童能力，不死的她开始担心自己会失去不死的力量。

只要人们完全把妖术消除了，妖术也就不存在了。
也就是说，只要妖怪不存在了，她就会失去不死的力量。
她尊敬妖怪。
即使被委托去退治妖怪，暗地里却在帮助妖怪。

她尊敬妖怪，并不是要与人类敌对。
刚开始，她这么做是为了自己的利益，可是，在知道了妖怪们悲哀的过去之后，渐渐地她开始同情起妖怪并帮助妖怪们。


一个年轻的僧侣突然出现在了人们面前。
既年轻又有法力的她，在人类中极具人气。
人们称赞道「只要有白莲在，妖怪什么的都不用怕了。
没必要在晚上提心吊胆地过日子了。」

可是，她的愿望与人们的期待之间产生了鸿沟，悲剧发生了。
人们说「那家伙是带着人脸的恶魔」。

她被封印在了魔界，再也没在人们面前出现过。","魔法使","使用魔法的能力（擅长提升体能的魔法）（星莲船、求闻口授）","被封印的大魔法师"
"封兽鵺 / 封獣 ぬえ / Houjuu Nue","○EX Boss不明幻想飞行少女
封兽鵺
Houjuu Nue

种族：鵺
能力：使人无法识别真实样貌程度的能力

非常不可思议的妖怪。
飞翔于神秘夜空的妖怪。
这就是她。

被人们退治了许多次的妖怪，每次都被人传说为不同的姿态。
在某个传说中，她的样貌是：头是猿、体是狸、手脚是虎、尾是蛇。
在另一个传说中，样貌是：头是猫、体是鸡、尾是蛇。

可是传说终究是传说。
实际上，她从未在人们面前出现过。
她只是乐在其中，她从远处看着人们害怕着、编造着各种关于自己的传说。
这是她每天非做不可的事。

对这些事感到腻味了之后，在年初的间歇泉骚动中，长期在地底悠哉游哉过活的她，回到了地上。

她看到与自己同样曾被困在地下的村纱等人，貌似在策划着什么。
她觉得「这是自己等待了许久的找乐子机会」，于是故意做了妨碍，给飞仓加上了「不明的因子」。

不明的因子是一种小蛇一般的飞行物，在不同人的眼中具有不同的形象。
当有人看到它时，会按照自己的常识，把它看成自己认识的、认为合理的东西。

灵梦等人并不认为木片能在空中飞行，因此把木片看成不明飞行物的代表形——碟状ＵＦＯ。

村纱她们看到飞仓碎片，因为间歇泉的缘故而四散。实际上造成碎片散落于世界各处的原因，正是这个不明的因子。


一看到别人在兴致勃勃做事，她就不由得想在暗地里阻挠别人。这就是她的性格。
虽然不知道村纱她们在策划着什么，但是如果她们失败了的话，肯定会很有趣，她是这么想的。

可是，兴高采烈地、前来收集不明因子飞行物的人类出现了。
她对不惧怕未知的人类产生了兴趣。
因此，她偷偷地跟在人类的后面，时而骚扰她们，时而帮助她们。

最后，在得知了村纱她们做的事对自己也有益之后，她后悔了。

白莲原谅了阻挠自己复活的鵺。

鵺认为自己暂时只好跟随着这个僧侣了。","鵺","使人无法识别真实样貌程度的能力（星莲船、求闻口授）","未确认幻想飞行少女"
"姬海棠果 （姬海棠羽立 / 姬海棠极） / 姫海棠 はたて / Himekaidou Hatate","○当代的念写记者
姬海棠果
Himekaidou Hatate

种族：鸦天狗
能力：能够使用念写程度的能力


她虽然是新闻作者，但从未外出取材过。
因为她是用念写拍摄照片，并借由照片来撰写新闻。

所谓念写，是指在果所持有的照相机中输入关键字，便会有与其相关的照片显现之事。

果觉得这很方便，于是认为没有必要从家中走出去了。

她所发布的报纸，《花果子念报》没有什么人气。
想来也是当然的。因为她所写的东西都是已在哪里传遍了的事情。
念写在获取情报的速度与新鲜度上存在问题。

就在这时，她着眼于文所发布的《文々。新闻》。

“明明是这样胡编乱造的新闻，为何还能具有魅力呢
为何不会与其他新闻撞车呢。”

她为了探取这个秘密而跟在了文的后面。


于是她知道了文的秘密。

并不是将事件写成新闻，而是文自身在引发事件。","鸦天狗","能够使用念写程度的能力（文花帖DS）","当代的念写记者"
"幽谷响子/ 幽谷 響子 / Kasodani Kyouko","○2面BOSS诵经的山彦

幽谷响子
Kasodani Kyouko

种族：山彦
能力：可以反射声音程度的能力

爬山时，不知你有没有大喊过：「呀吼—！」呢。
而之后那响亮的一声「Yahoo！」回话，正是妖怪山彦所为。

她住在山里，如果听到从哪里传来欢快的吼声，她也会放声大喊来回应。
是一只快乐的妖怪。

最近，由于「所谓山彦（回音）不过是声波的反射现象DAZE—」这个迷
信流行了起来，她看破红尘皈依佛门了。

她的能力很适合诵读经文。所以每天她都在山里诵经。

而拜这举动所赐，最近「深山里一个人也没有却能听到念经的声音」的

恐怖话题不胫而走，方才挽回了一些作为妖怪的面子。","山彦","反射声音程度的能力（神灵庙、求闻口授）","诵经的山彦"
"宫古芳香/ 宮古 芳香 / Miyako Yoshika","○3面BOSS忠实的尸体

宫古芳香
Miyako Yoshika

种族：僵尸
能力：什么都能吃程度的能力
（人类若是被她吞噬掉一部分的话会暂时变成僵尸）



被青娥复活的日本古代的尸体。
在青娥的手底下当差。
这一次，她被派前往保卫即将复活的梦殿大祀庙。

她有着邪门的怪力、感觉不到疼痛的肉体，倘若正面和她对抗的话会很吃力。
不过她的思考回路和上个时代的电脑处在同一水平，想从她手中逃脱并不难。

她在战斗的时候可以通过吞噬灵来疗伤并增幅体力，所以很难将她打倒。不
过，还是那句话，从她手中逃掉并不难（这点很重要）。

她的身体非常僵硬、关节部位无法活动。不能正常地走路。
操纵她的主人曾劝过她，适当地做些柔软体操。如果不把身体活动开，运动

的时候很容易受伤。虽然她其实和丧尸差不多。","僵尸","什么都能吃程度的能力（神灵庙，求闻口授）","忠诚的尸体"
"霍青娥 / 霍 青娥 / Kaku Seiga （青娥娘娘 / 青娥 娘々 / Seiga NyanNyan）","○4面BOSS穿墙的邪仙

霍青娥
（通称：青娥娘娘）
Kaku Seiga

种族：邪仙
能力：穿越墙壁程度的能力


本来她是一个憧憬着道士的人类。

在青娥小的时候，她的父亲沉迷于道教，丢下青娥一人独自上山隐居修仙。
而青娥对父亲留下的书本很感兴趣，反反复复地读了很多遍，开始憧憬起道
士来。她尤其崇拜何仙姑（道教八仙人中之一），发誓自己终有一天也要修
成仙人与父亲重逢。

长大以后的她，嫁进了姓霍的大户人家。虽然从此过上了衣食无忧的日子，
可青娥从未放弃成为道士的梦想，终日郁郁寡欢。渐渐地，她自闭了起来，
再也不和别人说话了。

打那以后又过去了八年，有一天，从青娥的口中突然说出了离别的话语。家
里人都不明白这话中的玄机。青娥再一次像往常一样睡下，然而她却再也没
有睁开眼睛。

全家为此大吃一惊，悲恸之中，安葬了毫无生气的青娥。


然而，其实她并没有死。
她在独处时，使用从书中学到的法术，将竹棒伪装成自己，演了一出
假死戏。家人埋葬的只是竹棒而已。

她舍弃世俗出奔了。没错，为了去到那令人憧憬的仙人的世界。


——自那以后又过了多久呢。
青娥作为仙人，已经拥有了一定实力。姿态也维持着年轻时候的样子，
变得不老长寿了。
为此她做了不少忌讳之事。但这份努力并未得到苍天认可，似乎成了
一名邪仙。青娥只要为了达成目的宁可欺骗家人，大概是这种性格在
作祟吧。


她热衷于推广道教，向人们展示自己的力量。可是在这个国家里，像自己这
种程度的仙人、道士并不稀罕。于是乎，她决定前往一个没有仙人的国度，
一片从未见过的远东之地。没错，这便是日本。


当时在日本，从中国大陆传入而推广开来的佛教，和自古流传下来的土著神
信仰这两种宗教在互相竞争着霸主地位。

在她看来「机不可失时不再来」，于是她瞅准了当时在日本最有德望的丰聪
耳神子，接近她并向她传述了道教的魅力。

在政治上可以用佛教来使人民变得顺从，而当权者只要研习赋予常人非凡之
力的道教即可，青娥这样灌输道。

由于道教属崇拜自然的多神教，和把当权者奉为诸神后裔的神仙观不谋而合。
而且对于当权者来说，比起禁欲主义的佛教，还是以不老不死为最终目标的
道教更具吸引力。

神子考虑了一下，向原本的宗教敌——物部氏提出了这个方案。","邪仙","穿越墙壁程度的能力（神灵庙、求闻口授）","穿墙的邪仙"
"苏我屠自古 / 蘇我 屠自古 / Soga no Toziko","○5面中BOSS神之末裔的亡灵

苏我屠自古
Soga no Toziko

种族：亡灵
能力：引发雷电程度的能力

日本古代的豪族——苏我氏的亡灵。
虽与布都一起侍奉神子，但由于和布都过去的各种因缘，拒绝了再次作为人
类复活。保持着灵体的状态被布都玩弄于鼓掌之中。

她本人并没有觉得灵体有什么不自由。反倒觉得容易损坏的人类身体有诸多
不便。

虽然苏我氏与物部氏曾在佛教上有所争执，布都和屠自古两人的关系却很好，
两人甚至是互帮互助的好伙伴。

现在的两个人都很厌恶佛教。","亡灵","可以引发雷电程度的能力（神灵庙、求闻口授）","神明后裔的亡灵"
"物部布都 / 物部 布都 /　Mononobe no Futo","○5面BOSS古代日本的尸解仙

物部布都
Mononobe no Futo

种族：人类？（自称尸解仙的道士）
能力：操纵风水程度的能力


这是个很久以前的故事，距今大概已有一千几百年了。
故事发生在建立国家统治人民这种思想成为主流之前。人、物、技术、
宗教等等诸多事物从海的那一边舶来至此。
其中之一的佛教，将给这个国家的前进方向带来巨大的改变。

整个国家因为佛教划分成崇佛派和废佛派，两派的矛盾日益加深。其中，尊
崇神道神明宇摩志麻迟命为祖先的物部氏为废佛派，与拜人类为祖先的苏我
氏极端对立，两股势力之间进行的宗教战争并非像后世所说、仅仅是为了争
权夺利，也是赌上诸神系谱与人类尊严的一次虎斗龙争。

最后，这场围绕着佛教的宗教战争以悲剧的形式拉下了帷幕。

在这场争斗日趋白热化的时候，物部氏袭击、烧毁了寺庙并丢弃佛像来宣扬
废除佛教。可事不逢时，正好在那天以后开始流行瘟疫、天皇驾崩。

苏我氏趁机宣扬，这一切都是针对佛教的恶行带来的报应。由此，苏我氏获
得了更高的支持，并最终下达了讨伐物部氏的许可。

在这场争斗中物部氏灭亡了。而这个国家也以佛教为中心开始运转。
这就是表面上被人所熟知，物部、苏我之间的宗教战争。


然而，在这场争斗背后，有人暗中穿针引线。此人便是布都。
她虽姓物部，背地里却崇拜着某个宗教。这个宗教就是和佛教同时传至此地
的道教。
道教可以让自己获得超越常人的力量，并以不老不死为最终目标。对于当权
者来说是个相当具有吸引力的宗教。

然而，就是这个魅力十足的宗教也有它的缺点。那就是若举国上下皆修道教、
全民皆可成仙，何谈政治，国将不国。出于这个考虑，她将道教的事情深深
地隐藏了起来。

随后，同样崇拜道教的神子，向她提出了某个方案。这个方案是，在表面上，
需要崇拜佛教这个可以安民兴邦的宗教来治理国家。而在此之上，我们给自
己的死亡施下诅咒，成为尸解仙复活。

布都成为了苏我氏的盟友，进行着地下工作。由此苏我氏对佛教的信仰达到
了盲从的地步。当然，自称神之子孙的物部氏（布都除外）对此很是不满。

最终，爆发了围绕佛教的宗教战争。事实上，这场战争的双方是崇拜日本自
古的神祇的物部氏，和信仰道教新神的神子。佛教不过是个掩人耳目的闪光
弹。


然而，二人的复活好像花费了很长时间。
这是由于对神子的死有所疑虑的佛教徒们，在她们长眠之所的正上方，建起
了一座寺庙来阻止复活吧。

她们恐怕没有想到，本来出于政治目的利用起来的佛教，信仰力量之强超乎

想象，就连现代的日本，佛教仍有着广大的信徒。","人类？（自称尸解仙的道士）","操纵风水程度的能力（神灵庙、求闻口授）","古代日本的尸解仙"
"丰聪耳神子 / 豊聡耳 神子 / Toyosatomimi no Miko","○6面BOSS圣德道士

丰聪耳神子
Toyosatomimi no Miko

种族：圣人
能力：同时听清十人讲话程度的能力


她生在马厩里，是个打小就被人承认天赋异禀的天才。

出身名门贵族的她，从小就听取了各种各样的倾诉。
“反正她小小年纪也听不懂”，抱着这种想法，差人们经常把自己的各种琐
事讲给她听。
然而，这些事情神子却能全部理解，并马上给出一针见血的指示。这个传言
不胫而走，神子被尊为圣人变得家喻户晓。

可也有她这个天才解不开的结。
「自打混沌初开，海不枯、石不烂。
为何人类终有一死。」
渐渐地，她开始不满人类难逃死亡的命运。



闻听神子功绩的青娥，认定了此人就是自己寻找的最佳人选，于是进言
神子劝其信奉道教。

她向神子说，道教崇拜自然，通过与自然融为一体来实现不老不死。

这让神子动了心。
同时，青娥还提出，这个宗教永远无法用于治国平天下。
青娥认为只要实现了自己的愿望，国家政治什么的无大所谓，可神子并不这
么想。

青娥说，既然这样，那就在表面上信仰佛教好了，佛教是个禁止杀生、戒律
严明的宗教。神子认为这个宗教可以兴国安邦，便采纳了这个意见。


神子开始推广佛教，这是为了剥夺当权者以外之人的权力。而背后，她在进
行着道教的研究。

结果，她发挥着超于常人的能力，留下了各种各样的传说，这都些是大家所
熟知的事情了。


后来，她一刻也没有停止过以不老不死为最终目标的研究。
她也用到过朱砂之类含有稀有金属的材料。这些物质侵蚀了她的身体。
本该带来不老长寿的道术反而损害了身体。

神子觉得如今的身体已经撑不下去了，决意成为尸解仙。
所谓尸解仙，是一种先死一次（或者说看起来像是死了一次），再次复活的
秘术。

可她又害怕一个人变成尸解仙，便把这个想法说给布都听，希望布都可以先
自己一步长眠。
布都相信神子的力量，自愿成为了试验品。死后，神子确定了布都一直沉睡
不会腐烂，便也随布都一同长眠了。



按照神子的计划，佛教在这个国家终有它的局限性，当国家再次需要一位圣
人的时候就是自己复活的时机。谁知人算不如天算，佛教支配了这个国家长
达千年。

由于有力量的佛教僧侣们一直封印着神子的灵庙，神子一直无法复活。她的
如意算盘落空了。

对于什么时候复活都可以的神子来说，没什么可焦急的，她继续着她的长眠。
然后，复活的时机终于来到了。

复活的原因，是因为有人开始散播“神子的传说都是杜撰出来的”言论。现如
今再也找不到有超乎常人能力的人了，大家觉得她那些伟业全部是虚构也无可
厚非。

于是她便把灵庙搬到了幻想乡。那时的幻想乡连一座寺庙都没有，在这里，她
可以随时准备复活。

然而就在这个时候，一座新的寺庙拔地而起。
而且冤家路窄般地盖在了灵庙的正上方。

这便是命莲寺。

神子会否再一次被佛教的僧侣压制呢。
还是说她会挺身与僧侣一战呢。


过去物部（古代诸神）与苏我（佛教）的战火将再一次燎原。","圣人","能够同时听十人讲话程度的能力（神灵庙、求闻口授）","圣德道士"
"二岩猯藏 / 二ッ岩 マミゾウ / Hutatsuiwa Mamizou","○EXTRA BOSS妖怪狸猫十变化

二岩猯藏
Hutatsuiwa Mamizou

种族：妖怪狸
能力：变身程度的能力


血统纯正的妖怪狸猫。
她住在幻想乡之外，是只珍稀的妖怪。
这次听说老朋友遇上麻烦而特地赶来。

狸猫很喜欢看人们被它的幻化捉弄时摸不着头脑的样子，但一般不会去直接伤
害对方。在满月之夜狸猫的力量会变强。

变身、幻化这种能力在某种程度上和鵺臭味相投。结果，看起来这两只妖怪对
战斗都起不了什么直接的作用。

找来这样一只妖怪，究竟能不能和神子对抗呀。
到头来，由于妖怪都是些我行我素的家伙，根本统率不到一块去，哪怕某一只
妖怪的力量再强，该输的时候还得输。

她在老家（佐渡）貌似和人类生活在一起。
虽然偶尔会耍点小蒙小骗，碰到穷人也会接济一下、若有人交给她些活干也会
完成得很好，貌似完全融入到人类社会中了。

然而，她和狐狸的关系很不好，有传言这就是佐渡没有狐狸的原因。

和幻想乡里的狐狸们也会掐起来，不过那是后话了。","妖怪狸","变身程度的能力（神灵庙、求闻口授）","狸猫怪 十变化"
"秦心 / 秦 こころ / Hata no Kokoro","○表情丰富的扑克脸
秦心（はたのこころ）

种族：面灵气
能力：操纵感情程度的能力

猿乐之祖 秦河胜（はたのかわかつ）使用的面具历经漫长的时间后化作
的妖怪。
每个面具都代表固定的感情，戴上面具后感情就会变化。
感情也会影响到在附近的人。

面具的数量为六十六个。

虽然每个都有着固定的感情，不过因为实在是很多，因此平时似乎只会
使用喜怒哀乐的面具而已。


这次因为在游戏内故事已经详细地叙述过所以就不讲得很细了，
事件是由“希望之面”的丢失开始的。
丢失的原因不是很明确（恐怕仅仅是疏失），但是其影响促成了一场得
过且过的祭典骚动。

本来她的各个感情之间保持着平衡，十分稳定，
但是当失去其中一个面具之后原本感情具有的力量就会互相干涉，发生
暴走。

实际上，她在稳定的时候基本不会流露出自己的感情。她对于什么事都
不感兴趣，在有必要使用面具的时候以外只会悄悄地作为一个付丧神。

因此，也有人说她在暴走的时候显得更有人性一些。","面灵气","操纵感情程度的能力（心绮楼）","表情丰富的扑克脸"
"若鹭姬 / わかさぎ姫 / Wakasagihime","○１面BOSS栖息于淡水的人鱼
若鹭姬
Wakasagihime

种族：人鱼
能力：在水中力量会增加程度的能力

稳重派的淡水人鱼。
平常就是唱唱歌、拣拣石头过着平稳生活的妖怪。
对人类也没有任何敌对心理。

这次因为被万宝槌魔力影响，正当她变得慷慨激昂之时就被
灵梦等人狠狠教训了一顿。


如今又再度变得温顺了。","人鱼","在水中力量会增加程度的能力（辉针城）","栖息于淡水的人鱼"
"赤蛮奇 / 赤蛮奇 / Sekibanki","○２面BOSS辘轳首的怪奇

赤蛮奇
Sekibanki

种族：辘轳首
能力：让头飞出去程度的能力

在村落里混在人类当中生活的妖怪。
因为能让头飞出去所以在很多时候十分方便。

性格方面自尊心有点高，与人类和妖怪都没法打成一片。
总给人一种高高在上的感觉。

今年夏天，在人类的村落里由宗教家们所发起的祭典也闹了好一阵子，
就在人类和妖怪都欢欣雀跃之时，她却对那些流行文化抱着否定的
态度，一个人独自生活着。

因为被万宝槌的魔力所影响，正当她洋洋自得时就被灵梦等人狠狠
教训了一顿。


如今又再度变得温顺了。","辘轳首","让头飞出去程度的能力（辉针城）","辘轳首的怪奇"
"今泉影狼 / 今泉 影狼 / Imaizumi Kagerou","○３面BOSS竹林的狼人
今泉 影狼
Imaizumi Kagerou

种族：狼女
能力：在满月之夜变身成狼程度的能力

本人性格非常沉稳。
沉稳到即使变身为狼也一样不会丧失冷静。

不知是不是因为月人在迷途的竹林里住下的缘故，
那里与月亮相关的妖怪似乎很多。
而她也是其中一员。

顺便一提，她是在外面的世界已经绝种的日本狼的狼女。

因为比较在意满月之夜的时候全身体毛会变多
所以平常都遮住皮肤，一个人静静的生活。

因为被万宝槌的魔力所影响，正当她变得凶暴之时就被灵梦等人
狠狠的教训了一顿。


如今又再度变得温顺了。","狼女","在满月之夜变身为狼程度的能力（辉针城）","竹林的Loup-Garou"
"九十九弁弁 / 九十九 弁々 / Tsukumo Benben","○４面BOSS

古琵琶的付丧神
九十九 弁弁
Tsukumo Benben

古琴的付丧神
九十九 八桥
Tsukumo Yatsuhashi

种族：付丧神
能力：自己发出声音演奏程度的能力


各自都是传统乐器的付丧神。
扮演冷静成熟的姐姐角色的弁弁和扮演争强好胜却少根筋的妹妹角色的八桥。
二人虽然都以姐妹相称，但其实只是因为她们是在同一时期成为付丧神而并无血缘关系。

她们意识到，自身的力量之源来自于空中出现的那座逆城，于是便朝着那里前进。

她们俩的目的是让道具征服世界。也就是常说的下克上。
她们的梦想是要实现一个道具能够自由行动，能够毫无遗憾的发挥全部力量的理想乡。

但她们的梦想却受到了灵梦等人的阻挠。


但她们并没有因此而放弃。
后来她们发现自己的那些想法是因为受到了万宝槌魔力的影响，于是她们便开始尝试

其他可以把自己的力量置换成魔力的咒法。","付丧神","自己发出声音演奏程度的能力（辉针城）","古旧琵琶的付丧神"
"九十九八桥 / 九十九 八橋 / Tsukumo Yatsuhashi","○４面BOSS

古琵琶的付丧神
九十九 弁弁
Tsukumo Benben

古琴的付丧神
九十九 八桥
Tsukumo Yatsuhashi

种族：付丧神
能力：自己发出声音演奏程度的能力


各自都是传统乐器的付丧神。
扮演冷静成熟的姐姐角色的弁弁和扮演争强好胜却少根筋的妹妹角色的八桥。
二人虽然都以姐妹相称，但其实只是因为她们是在同一时期成为付丧神而并无血缘关系。

她们意识到，自身的力量之源来自于空中出现的那座逆城，于是便朝着那里前进。

她们俩的目的是让道具征服世界。也就是常说的下克上。
她们的梦想是要实现一个道具能够自由行动，能够毫无遗憾的发挥全部力量的理想乡。

但她们的梦想却受到了灵梦等人的阻挠。


但她们并没有因此而放弃。
后来她们发现自己的那些想法是因为受到了万宝槌魔力的影响，于是她们便开始尝试

其他可以把自己的力量置换成魔力的咒法。","付丧神","自己发出声音演奏程度的能力（辉针城）","古旧的琴的付丧神"
"鬼人正邪 / 鬼人 正邪 / Kijin Seija","○５面BOSS逆袭的天邪鬼
鬼人 正邪
Kijin Seija

种族：天邪鬼
能力：让任何事物都翻转过来程度的能力

企图下克上的天邪鬼。
天邪鬼不属于鬼，只是一种性格扭曲的妖怪。

她一天到晚脑子里总想着和其他人相反的事情。
别人一反感她就高兴，看到别人一高兴她就开始心生厌恶。
绝对不服从命令。就算自己赚了也绝不会把别人应得的给对方。
这样的家伙当然会被人类、妖怪双方都厌恶，但别人越是讨厌她自然就越高兴。

而她的野心就是把幻想乡整个翻转过来。
毁掉如今这个由强者稳定支配的幻想乡，把这里变成一个由弱者说了算
的世界。

只是，她没有能够实现这个梦想的力量。

因此她就盯上了小人手上的秘宝『万宝槌』。","天邪鬼","让任何事物都翻转过来程度的能力（辉针城）","逆袭的天邪鬼"
"少名针妙丸 / 少名 針妙丸 / Sukuna Shinmyoumaru","○６面BOSS小人的末裔
少名 针妙丸
Sukuna Shinmyoumaru

种族：小人
能力：使用万宝槌程度的能力

她是一寸法师的末裔。
因此能够使用万宝槌。

初代的一寸法师治退了鬼，得到了鬼的秘宝『万宝槌』。
初代获得了长大的身体和公主这些事都如同传说中所说的一样。
除此以外再也没有使用过万宝槌。

因为万宝槌是鬼的法宝，由此引发的奇迹也同样来自鬼的魔力。
若是随便使用必招来杀身之祸，这就是初代当时的想法。


但是，随着时代的推移一寸法师的信念逐渐被人遗忘。
然后有一天发生了这样的事件。

分明手上就有着能够实现任何愿望的万宝槌，但却不能使用它这叫什么事情啊。
就这样末裔中的一人，终于打破了祖先的禁忌。
他用小槌的魔力穷奢极欲，终于说出了最后的愿望。

「我要建起一座豪华的城来统治人民」

一瞬间，那座名为辉针城的城就这样出现，而万宝槌的魔力也因此耗尽。
然后，悲剧就这样发生了。

辉针城整个逆转，城池连同小人族一起被幽闭在了鬼的世界里。
在那个世界里，没有可供其统治的人民……。
从那以后，小人族就再也不为人类所知。

万宝槌是鬼的法宝。
实现愿望的同时，必会给予其同等的代价。
过于巨大的愿望，其代价可能会在愿望本身实现之前就显现。

小人族明白了这个道理。
然后再次封印了万宝槌。


之后过了漫长的岁月，到了现代。
小人族里也已经没有任何人再提起过去的事情。
因此，针妙丸本人对于万宝槌的事情是一无所知。

看准了这一点的正是那个天邪鬼正邪。

她为了满足自身的野心，打算利用万宝槌。
但小槌只有小人族才能使用，于是便利用了毫不知情的针妙丸。

小人族所受的屈辱、万宝槌强大的力量、以及让小人族蒙受耻辱的幻想乡的妖怪们。
原本就擅长花言巧语的天邪鬼，向针妙丸灌输了虚假的历史。
然后，二人共同发誓要复仇。


『来吧，让我们构筑起一个不会遗弃弱者的乐园吧！』



只是针妙丸还不知道使用万宝槌会付出代价这件事。","小人","使用万宝槌程度的能力（辉针城）","小人的后裔"
"堀川雷鼓 / 堀川 雷鼓 / Horikawa Raiko","○EX面BOSS梦幻的打击乐手
堀川 雷鼓
Horikawa Raiko

种族：付丧神
能力：什么都能配合上节奏程度的能力


她是和太鼓的付丧神。
在被人类敲击当中产生喜悦，生存至今。

但是，突然在身体中感受到了强烈的魔力。
同时心中也涌现出了凶暴的情感。
现在，正是道具们复仇之时。

但聪明的她，很快就发现那似乎是因为受到鬼的魔力（万宝槌的魔力）
影响造成的。

她感觉到，这样下去的话会遭其控制。

此时她下了一个巨大的赌注。
她舍弃了作为自己身体的和太鼓，与作为魔力之源的太鼓演奏者，
去寻求新的魔力。而且还是在禁止进入的外面世界。

终于，她得到了新的鼓和演奏者。
这毫无疑问，是外界的魔力。


身体当中已经不再残留有鬼的魔力。
这样一来即便万宝槌进入魔力的回收期，也不会再变回一般的道具了。

于是她开始向自己周围的付丧神们到处传授这个办法。

道具也是想以自己的意志享乐的！

没错，来构筑一个属于道具的乐园吧！","付丧神","什么都能配合上节奏程度的能力（辉针城）","梦幻的打击乐手"
"宇佐见堇子 / 宇佐見 菫子 / Usami Sumireko","○曝光深秘！秘封俱乐部 初代会长
宇佐见 堇子（うさみ すみれこ）

种族：女高中生
能力：操纵超能力程度的能力

她是真正的超能力者。

从网络深入学习各种知识的年轻人特有的全能感以及与生俱来的才能，
令她在初中的时候就开始觉得自己比周围任何人都要优越。

她并不认为朋友是多余的存在。
但那只是知识角度上的实用性，真正的想法却是
「朋友只对那些需要朋友的人种来说是有益的。
对那些想要拉帮结伙的人来说」
内心里还是很瞧不起的。

因此她也交不到什么朋友，
（以她的角度来说就是『因为没必要所以才没交朋友』）
她一直过着别人来看很凄惨，自己却觉得很充实的校园生活。

从这时起，她就开始独自进行研究。
研究自己能够使用超能力的理由、灵异现象、被称为都市传说的事物等等。
其中，她对这个世界之外的某个异世界尤为憧憬。

但是她的生活随着上了高中也发生了巨大的改变。
她的成绩（对于这种人是理所应当地）十分优秀。
所以她考上了有些偏远的私立的好高中。
学生来自全国各地。以往的人际关系画上了句号，
新的人际关系开始构建。这样一来在成绩优秀的她的身边也聚集起了很多想要与她构筑关系的人。
她僵硬的态度可能也反倒很有魅力。

但是，她深信自己理应是与其他人类不同的种族。
她告诉自己，那些身边的人都是企图『和自己构筑普通的人际关系，从而把自己拉到和他们相同的水平』
的恶魔一般的东西。

聪慧的她，为了将身边的人赶走，『故意』召集了一批人。
那，便是非公认灵异俱乐部『秘封俱乐部』。
正如她所期望的那样，再也没有人说要和她做朋友了。


秘封俱乐部，是亲自曝光异世界的秘密的俱乐部。
结果，她触及到了世界的深秘。




————在那之后发生了种种事情，
最终，她变得能够进入梦幻世界。

在那里她明白了自己的知识有多么肤浅。
经验才是这个世界的真相，知识仅仅是为了掩盖此事。

而在梦里，有着一群她无法蔑视的人们。
多亏了梦境，不，是幻想乡，她开始觉得交朋友也不坏。

：
：
：





















……然而，到最后也有一件未能明白的事情。
她所设置的能够开启异世界的大门的力量石，
有一个被调包了。

到底是谁干的呢。
本来在幻想乡内具现化的都市传说的蔓延
也并不是自己所为。
都市传说正好为她打破结界创造了机会，
但那全部只是偶然吗？


难道说，是内部的什么人想要打破结界吗。
自己的力量石会不会反而被利用了呢。

她到最后也没有知晓。","女子高中生","操纵超能力程度的能力（深秘录）","曝光深秘！秘封俱乐部 初代会长"
"清兰 / 清蘭 / Seiran","○1面BOSS浅葱色的Eagle Rabbit
清兰
Seiran

种族：月兔
能力：从异次元发射子弹程度的能力

名副其实的炮灰。
在被称为Eagle Rabbit的地面调查部队之中
负责潜伏渗透这项最危险的工作。
尽管工作危险，薪水却很低。

月兔虽然都有心灵感应能力，
但从不会认真进行交谈。
似乎是在休息中为伙伴捣年糕时遭到了袭击。


虽然漫长地进行着调查，但一直得不到月之民的进攻指示。

实在是厌倦了。","月兔","从异次元发射子弹程度的能力（绀珠传）","浅葱色的Eagle Rabbit"
"铃瑚 / 鈴瑚 / Ringo","○2面BOSS橘色的Eagle Rabbit

铃瑚
Ringo

种族：月兔
能力：吃团子越多变得越强程度的能力

在被称为Eagle Rabbit的地面调查部队中
负责情报管理这项闲职。
尽管很轻松等级却很高的职位。

不知是否因为一直在收集情报，她的兴趣转移到了地面。
她的任务只是调查。
虽然也被允许进行战斗，但并没有胜利的必要。


担任着情报管理这项工作，她早已知道了。
现在以为自己所住的月都，实际上是梦境。
但是，她不知为何会发生这样的事态。
一旦得知，甚至有可能会被抹杀。

她将来到自己这里的人类们送进了通往梦境中的月都的通道。

她想这样间接地进行调查。","月兔","吃团子越多变得越强程度的能力（绀珠传）","橘色的Eagle Rabbit"
"哆来咪·苏伊特 / ドレミー?スイート / Doremy Sweet","○3面BOSS梦之支配者
哆来咪·苏伊特
Doremy Sweet

种族：貘
能力：食梦、造梦程度的能力

爱做白日梦的妖怪。栖息在梦境。

一切生物所做的梦其实在根本都是相互联系的。
在梦中前往不曾知晓的地点、遇到不曾相识的人、
发现不为所知的BUG都是因为这个原因。

她能够消灭、创造、替换这些梦境。

只要擅于利用梦中世界，就可以前往任何地方、
成为任何人物。
她为了不让发现了这个事实的人破坏秩序，而不断地监视着。


这次她受探女的嘱咐，在梦中再现了月都。
她将想要前往月都的人送到梦都，隐蔽了真正的月都的存在。

然而，这个计划对她来说只是烦扰，她并不是很想参加。
而且已经过了大半年了，也看不到什么动向。

这时，终于有人来到了梦境。
而且令人惊讶的是，那是人类真身。

月之民厌恶人类的污秽。
表面上是不能把这样的人类引导到梦都去。
但实际上，她只是想报复一下。


她遵从人类的期望，将她们送进了真正的月都。","貘","食梦、造梦程度的能力（绀珠传）","梦之支配者"
"稀神探女 / 稀神　サグメ / Kisin Sagume","○4面BOSS招来口舌之祸的女神
稀神探女
Kisin Sagume

种族：月之民
能力：从口中说出便可使事态逆转程度的能力

月之民。
平时，在月之民中担任高官，并不会经常在外界面前出现。
虽然算是神灵，但是其性质非鬼非神亦非精灵。

性格寡言，其理由源自能力。
对于某种事态，一旦经过自己的口中（尤其是对和事情有关的人），
这个事态就会向反方向发展。
相似的角色还有天邪鬼，但她是位居天邪鬼之上的神灵。
天邪鬼只会说自己反对的事情，但她会通过自己说的事情让世界向反方向发展。

如果她想做成什么事情，那一定悉数失败，
如果有什么坏事发生，那她的能力一定可以使事态好转。
但那并不意味着会对自己好转。
正所谓，祸从口出的神灵。


月之民的贤者们，为了防止纯狐的攻击导致的污秽侵蚀，将月之都冻结了。
与此同时，他们令月之民前往梦境避难。
梦境中的都城，正如大家所想，是往日的月之都。
在那里的月之民们，无一不深信着这里就是真正的都城。

然而，也不能将他们一直关在梦境之中。
长久的梦是容易侵蚀精神的。

为此，贤者们为了保险，制定了「月之都迁都计划」。

「月之都迁都计划」，旨在将幻想乡净化，在那里建造都城。
所谓净化，乃去除生死之意。
也就是说，是将所有地上的生物歼灭。
然而这并不简单。对手是住在幻想乡的妖怪们。

她觉得在幻想乡传播都市传说是一个近道。
她利用她的能力制作了秘密的力量石。
那个力量石有着可以用话语改变世界的力量。
只需要在力量石附近，就可以把不应存在的流言（都市传说）具现化，
是一个可怖的道具。

在都市传说开始具现化的时候，只要等有人传播一个著名的都市传说，
这就是她的计划。

著名的都市传说，那便是「阿波罗计划阴谋论」。
「NASA隐瞒了在月上所见的真相」，这种闲话。
也就是说，如果有人流传NASA隐瞒了在月球上所见的文明，
月之文明，也就是月之都，便会在幻想乡中具现。


……然而，这个计划仅仅是保险起见。
她也并不是真心要去实行，也根本没有月民期望迁都。
他们都想尽可能返回月球。
尽管如此，也到了无法不采取行动的地步，
纯狐的攻击就是如此令人无计可施。



就在这时，幻想乡的人类到来了。
虽然她从未想过哆来咪会让人类进入月之都，
但她试验了人类的力量，知道她们很强之后便下定了决心。

在这些人类身上赌一把吧。
如果我说出了真相，事态便会以这些人类为中心逆转。
虽然自己一直以来进行的迁都作战会悉数失败，但纯狐的作战也会失败，所以很公平。

之后不管这些人类会怎样，只要月之都得救……。","月之民","从口中说出便可使事态逆转程度的能力（绀珠传）","招来口舌之祸的女神"
"克劳恩皮丝 / クラウンピース / Clownpiece","○5面BOSS地狱的妖精
克劳恩皮丝
Clownpiece


种族：妖精
能力：使人发狂程度的能力

地狱的妖精。
赫卡提亚的部下。

妖精存在于几乎任何场所。地狱当然也不例外。
然而，拒绝了生死的月之民会排除妖精。
月都周边几乎没什么妖精。

她受赫卡提亚的命令，令静海充满了自己从地狱带来的妖精们。
静海因她的伙伴们变成了妖精乐园。


然后由于纯狐的能力，她们觉醒了。
她们的存在，可以说是纯粹的生命力的集合。

「只要你们一直在这里玩下去，月之民就无法动手。
只要他们没有人自愿去接受污秽，他们就会一直固守城池。」

听到这样的话语，她开始盛大地玩耍起来。

月面虽然是荒凉的世界，但和地狱比起来，是一个更美、更欢乐的世界。
妖精们盛大地嬉戏着。
这进一步将月之民束缚了起来。


而这次，虽然月都长久以来都没什么动静，
但终于有人类从月都中冲了出来。

「如果，有人从月都里出来，你做什么都行。」

想起这番话的她，真是绝佳的心情。","妖精","使人发狂程度的能力（绀珠传）","地狱的妖精"
"纯狐 / 純狐 / Junko","○6面BOSS（无名的存在）
纯狐
Junko


种族：神灵
能力：纯化程度的能力


对于月之民抱有怨恨的存在。
自身也是被怨恨纯化的灵。
她已经连自己是什么人的情报都不需要了。

她对月之民嫦娥有着强烈的怨恨。
详情与游戏的一部分结局重复，在此并不细说，
她似乎是一个每次袭击月之都，最终都被贤者平息其愤怒的存在。
丈夫杀死了自己的儿子，这是最初的怨恨，但怨恨早已纯化，
失去了控制。

其存在只有一部分月之民知道。
因为月之民不需要有畏惧敌人的生活。
嫦娥是否知晓她的存在还尚不明确，但应该不会毫不知情吧。

嫦娥，虽然在本作中并未登场，是被幽禁在月都的月之女神。
她是月兔的支配者，也有着强大的力量，但并不会出现在外界面前。
嫦娥是使用了蓬莱之药的罪人。



这次的月都袭击计划的概要如下。

「使月的正面，充满纯化了生命力的妖精，
将月球本身，化为生命之星。
这样一来，月都就只好逃窜了。
趁其不备，讨伐藏匿其中的嫦娥。」

厌恶地面充斥污秽（生命）而移居月球，是月都的开端。
她想让相同的事情，发生在月球。


计划十分顺利。
静海开始被生命填满。
地狱的妖精们，将月球当作了乐园。
地狱的环境便是如此严苛。

月之民，对于她的生命之星计划束手无策。

然而，纯狐却已经知道。
月之民不会就这样居住在污秽附近，他们一定会逃往梦境之类的地方。
所以，预测到这一切的她，将朋友送到了那边。


不知该说是正如所料，还是说预料之外，月之民超过半年都没什么动静。
纯狐也攻击月都感到厌倦了。双方都无法出手，陷入了胶着状态。
逐渐，她的愤怒有所舒缓，开始考虑今后该如何行动。


就在此时，想不到人类居然出现了。
而且是污秽被净化的人类。是某种药物的影响吗。

不厌恶生命，又感受不到生命。
虽然想不到会打出如此这般牺牲人类的奇计，但她却放心了。

月之贤者所做之事超乎所料。
这是她的乐趣所在。

然后，终于，这次的复仇大戏，将要落下帷幕了。","神灵","纯化程度的能力（绀珠传）",""
"赫卡提亚·拉碧斯拉祖利 / ヘカーティア?ラピスラズリ / Hecatia Lapislazuli","○EX BOSS地狱的女神
赫卡提亚·拉碧斯拉祖利
Hecatia Lapislazuli

种族：神明
能力：拥有三个身体程度的能力

司掌月球、地球、异界三界地狱的谜之神明。
她在三个世界同时拥有身体，可以自由地在不同的世界中来去。

另外，由于月球、地球、异界都有地狱存在，而其核心的灵魂都在地狱，
所以对敌人来说是一个无计可施的麻烦的神明。
顺便梦境就相当于异界。


她也是对嫦娥抱有怨恨的神明。
因为，嫦娥的丈夫，是击落了太阳（阿波罗）的人物。
本来，没有太阳便无法存在的地狱。
由于失去了强烈的光明，地狱的黑暗也因之减弱。


就算这样说，她憎恨嫦娥的理由，很大程度上也是受了纯狐的影响。
在纯狐的本次计划当中，需要有一个处在能自由操控妖精的立场上的人，
以及一个能自由来回梦境的人。
她正是符合需要的人物。

纯狐与她很快便意气相投。
可能是原本就好战的性格的功劳。

她将自己的部下克劳恩皮丝交给纯狐随意差遣。


月之民逃进的梦境。
她令那梦境中的伪月都的周边，也充满了生命力。
由此，月之民完全被封杀了。

最后，只剩下讨伐嫦娥了——

就在这时，纯狐却宣布自己告负。
看来，是月之民打出了超越纯狐计谋的奇计。


那就是，没有了死亡的概念、被净化的人类。

将「绀珠的人类」送进月球的作战。","神明","拥有三个身体程度的能力（绀珠传）","地狱的女神"
"依神女苑 / 依神 女苑 / Yorigami Jyoon","○最凶最恶的双子之妹
依神 女苑
Yorigami Jyoon

种族：疫病神
能力：使人消耗财产程度的能力


奇妙的很容易被人喜欢上，但结果往往会给周遭招来不幸和怨恨的疫病神。
支配欲很强，又很傲慢。毫无自制力。

可以通过花言巧语来凭依在对象身上，使其像是出于自身意识一般挥霍财产。
失去财产的人运气也会变差，最后会变成一具空壳。

于是在吃干抹尽一个人的财产后，她又会为寻求下一个人类而继续徘徊。
凭依在持有财产的人类身上，对其降下不幸，这就意味着，她也可以被称作是操纵财祸的神。

这次，她想出了一个以姐姐作为工具的『绝对不会输的战略』。

那就是强制让姐姐完全凭依在对手身上，夺走对手一切的胜算。","疫病神","使人消耗财产程度的能力（凭依华）","最凶最恶的双子之妹"
"依神紫苑 / 依神 紫苑 / Yorigami Shion","○最凶最恶的双子之姐
依神 紫苑
Yorigami Shion

种族：贫穷神
能力：向包含自己的一切对象降下不幸程度的能力


被她凭依的话运气会下降，还会变得贫穷，所以是被所有人讨厌的贫穷神。
性格阴沉又低三下四，喜欢坐享其成。

因为她无论去哪里，都没法让自己脱离贫穷，所以她本人也放弃了努力，整天无精打采。

失去的财产，还有运气究竟去了哪里呢。
实际上是财产会变为欠款，运气会变为不幸，不断地缓缓充盈在她的身体里。
充盈到一定程度，就会定期爆发，让她变为超级贫穷神，一扫所有的不幸。

不过，实际上是藉由让他人陷入贫穷，来保护他人免受财祸之苦的守护神。
但即便如此，她依然被人嫌弃着……。

这次为了脱离穷困，凭依在了花钱如流水的妹妹身上，

但结果妹妹也没有留住财物的能力，依然很贫穷。","贫穷神","向包含自己的一切对象降下不幸程度的能力（凭依华）","最凶最恶的双子之姐"
"爱塔妮缇拉尔瓦 / エタニティラルバ / Eternity Larva","○１面BOSS接近神的蝴蝶妖精
爱塔妮缇拉尔瓦
Eternity Larva

种族：妖精
能力：播撒鳞粉程度的能力

凤蝶的妖精。
话虽如此，不仅是成虫，还包含了幼虫和蛹
应该说是昆虫的成长、再生和变态3的妖精。

和琪露诺一样，因为某种力量的影响变得比平时更强大。换句话说就是暴走状态。
妖精原本就是异变的时候会暴走的那类。
平时的性格非常的温厚，哪里有战斗的时候也只是拿上几个火力增强道具
去玩一下的程度而已。


感觉到危险的时候，会从触角产生弹幕和很臭的气味的样子。","妖精","播撒鳞粉程度的能力（天空璋）","接近神的蝴蝶妖精"
"坂田合欢 / 坂田 ネムノ / Sakata Nemuno","○２面BOSS跨越浮世门关的山姥

坂田 合欢
Sakata Nemuno

种族：山姥
能力：制作圣域程度的能力

住在妖怪之山里的妖怪。
山姥是没有集团和组织，喜欢单独行动的种族。
同种族之间几乎没有什么交流，另一方面和其他种族偶尔会有交流。
不过，最多也只是些事务性的交流。

和喜欢结成组织的天狗互不相容，两种族之间结下了不可侵犯条约，各自独立着生活的样子。
人类村落里如果有进山之后行踪不明的人，一般是认为被山姥以某种形式
处理掉了，不过事实上如果是大人的话山姥会进行恐吓然后遣返回去，小孩子的话会保护起来
然后抚养成健壮的人类的情况比较多的样子。至于理由则不得而知。


她自己也对世间并没有什么兴趣，在幻想乡里也是没有文明开化，几乎没有外界的知识情报。","System.Xml.XmlElement","制作圣域程度的能力（天空璋）","跨越浮世门关的山姥"
"高丽野阿吽 /  高麗野 あうん / Komano Aunn","○３面BOSS醉心神佛的守护神兽
高丽野 阿吽
Komano Aunn

种族：狛犬
能力：发现神佛程度的能力

狛犬。一个人，拥有狮子和狛犬两种性质。

博丽神社、守矢神社、命莲寺，她找出这类可能会聚集人类信仰的场所
然后赖在那里，自说自话的开始进行守护。
平时不显现出身姿，只有持有敌意的人出现的时候才会发挥她的力量，
话虽如此，结果因为并不是很强所以经常输。

因为神社的樱花非常漂亮，她在博丽神社赏花的时候这次的骚动开始了。
本来想喝点酒放置不理的，但不知道为啥被当成目标发展成了战斗。

和巫女战斗对她来说应该是违背意愿的战斗，但不知为何打得很高兴。

她发现自己的心中有什么看不见底的灵力，感觉到背上有冰冷的东西流过。

她醒悟到在幻想乡里，虽然还不知道在哪里，有什么无比重要的东西被刻意的隐藏了起来。","狛犬","发现神佛程度的能力（天空璋）","醉心神佛的守护神兽"
"矢田寺成美 /  矢田寺 成美 / Yatadera Narumi","○４面BOSS垂迹于森林的魔法地藏
矢田寺 成美
Yatadera Narumi

种族：魔法使（地藏）
能力：使用魔法程度的能力（生命操作）


她是原本是安置在魔法森林的地藏，因为森林的魔力而得到了生命的生命体。
虽然魔法森林受困于不合季节的雪，但她原本就是个家里蹲所以并没有离开森林进行调查的想法。

在魔法森林里面有着能够把存在本身进行变化的魔力。
虽然说她是地藏，却并不是地藏菩萨本身，而是原本是地藏像，也就是石像。
原本就是石像获得了生命一样，像是魔像Golem一样的存在。

她对魔力很敏感，已经察觉到了自己背上正在涌出异常的魔力。
但是，她觉得这应该是四季异变的影响，却完全没有察觉到
是这现象本身引起了异变。


从魔理沙那里听说了隐岐奈的事情，想到了一个秘策，然后托付给魔理沙的正是她。","魔法使（地藏）","使用魔法程度的能力（生命操作）（天空璋）","垂迹于森林的魔法地藏"
"尔子田里乃 /  爾子田 里乃 / Nishida Satono","○５面BOSS过分危险的背景舞者
尔子田 里乃
Nishida Satono

丁礼田 舞
Teireida Mai

种族：人类（？）
能力：通过在背后起舞来诱导出精神力程度的能力（里乃）
能力：通过在背后起舞来诱导出生命力程度的能力（舞）


可以诱导出万物潜在能力的两个人。是隐岐奈的部下。
她们原先是普通的人类的孩子，但受隐岐奈的魔力影响，已经不算是人类了。
仍是人类时的记忆也几乎丧失了，现在只会狂喜乱舞。

但是性格还和人类时期一样，舞冒冒失失却很有行动力，
里乃小心谨慎，却有自信过剩的缺点。


她们的舞蹈，并不是为了取悦世人，已经是超脱了常轨的东西。
完全是为了隐岐奈而起舞，为了隐岐奈而行动。

两个人并不知道这次开启背上门扉，是为了寻找自己的继任者。
她们只听说是为了增加自己的伙伴。

如果，她们知道了真相，会如何行动呢。
即便如此事态也不会有任何变化吧。
她们从来不会想到任何忤逆隐岐奈的事情。


二人作为隐岐奈的左右手，她们的能力，还只不过是隐岐奈的能力之一而已。","人类（？）","通过在背后起舞来诱导出精神力程度的能力（天空璋）","过于危险的背景舞者"
"丁礼田舞 /  丁礼田 舞 / Teireida Mai","○５面BOSS过分危险的背景舞者
尔子田 里乃
Nishida Satono

丁礼田 舞
Teireida Mai

种族：人类（？）
能力：通过在背后起舞来诱导出精神力程度的能力（里乃）
能力：通过在背后起舞来诱导出生命力程度的能力（舞）


可以诱导出万物潜在能力的两个人。是隐岐奈的部下。
她们原先是普通的人类的孩子，但受隐岐奈的魔力影响，已经不算是人类了。
仍是人类时的记忆也几乎丧失了，现在只会狂喜乱舞。

但是性格还和人类时期一样，舞冒冒失失却很有行动力，
里乃小心谨慎，却有自信过剩的缺点。


她们的舞蹈，并不是为了取悦世人，已经是超脱了常轨的东西。
完全是为了隐岐奈而起舞，为了隐岐奈而行动。

两个人并不知道这次开启背上门扉，是为了寻找自己的继任者。
她们只听说是为了增加自己的伙伴。

如果，她们知道了真相，会如何行动呢。
即便如此事态也不会有任何变化吧。
她们从来不会想到任何忤逆隐岐奈的事情。


二人作为隐岐奈的左右手，她们的能力，还只不过是隐岐奈的能力之一而已。","人类（？）","通过在背后起舞来诱导出生命力程度的能力（天空璋）","过于危险的背景舞者"
"摩多罗隐岐奈 /  摩多羅 隠岐奈 / Matara Okina","○６面头目 究极的绝对秘神
摩多罗 隐岐奈
Matara Okina

种族：秘神
能力：在万物背上制作门扉程度的能力


潜藏于万物背上的秘神。
表面上有着地母神、能乐之神、星宿之神、养蚕之神、障碍之神、被差别民之神等等身份。

真实的身份没有人知晓。
是正体不可见、不可闻、不可语的，究极的秘神。

但是，秘神这个说法并不是说她一直隐介藏形。
偶尔也会光明正大地现世，夸示自己的存在。

这次的目的是寻找里乃和舞的继任者，但是如果找不到继任者似乎也没什么，让这两个人继续工作就行了。

真正的目的是引人注目。
这引人注目，说的就是让自己铭刻在幻想乡的人类、妖怪、以及贤者们的记忆里。
虽然好像没能找到继任者，但这另一个目的似乎是达成了。


她同时也是制造今天的幻想乡的贤者之一。
背负着保护幻想乡不受外面世界侵害，以及使用能移动到任何地方，和在他人不经意间操纵生命力和精神力的不可思议的能力来维持幻想乡平衡的使命。
平时的杂事都交给作为左右手的二童子（里乃和舞）去做。


粗鲁对待她的话她也饶不了你，恭恭敬敬地对她的话她也会赐下恩惠。
作为敌人来说很恐怖、作为伙伴来说很可靠的非常典型的神明。



○EX头目 究极的绝对秘神
摩多罗 隐岐奈
Matara Okina

背上的季节是她准备的陷阱。
主人公反过来利用隐岐奈准备的季节陷阱再次挑战她。

在此状况下，她放弃了用季节的魔力驱赶主人公，而现出了究极秘神的真正姿态。
那显然与她表面的面貌并无不同，仍旧是诸多神格的混沌的结合体。

这么一说，身为秘神的她从没有隐介藏形啊。

她是从最初开始，展露着自己的一切的秘神。","秘神","在万物背上制作门扉程度的能力（天空璋）","究极的绝对秘神"
"戎璎花 / 戎 瓔花 / Ebisu Eika","○1面BOSS
河原的偶像水子

戎 璎花
Ebisu Eika

种族：水子之灵
能力：擅长垒石头程度的能力


能够非常精巧地垒石头的高手。
她擅长垒石技术，相当于是赛之河原水子们的领袖。

此外，她能将无意义的单调工作变得欢乐有趣，是一位苦中作乐的福神。
她总是乐观开朗且长于才智，接连举办垒石大赛等种种新活动，是受水子
们爱戴的赛之河原的偶像。

她因为主人公们毁了垒石大赛而大发雷霆，但实际上那基本都是来自地狱

的动物灵干的好事。","水子之灵","擅长垒石头程度的能力（鬼形兽）","河原的偶像水子"
"牛崎润美 / 牛崎 潤美 / Ushizaki Urumi","○2面BOSS
古代鱼的携子护卫

牛崎 润美
Ushizaki Urumi

种族：牛鬼
能力：改变身边物体重量程度的能力

会将活着的生物拖进三途河的可怕的鬼。
她抱着一个婴儿的石像，她会把这个婴儿递给别人之后增加其重量，让对方沉入河底。
她是一个会利用人类的善意作恶的令人震惊的妖怪。

然而，自从幻想乡禁止妖怪袭击人类后，至今她都在三途河以渔业为生。

要是有人尝试在没有死神的护卫下渡河，就会有已经灭绝的超大型鱼和蛇颈龙袭击过来。 
现在的她驯养着超大型鱼，时而前去幻想乡贩卖水产以维持生计。

妖怪中也有人嘲笑她那威风不再的样子，但她本人却以现在的生活为豪。 

时不时她也会将尝试擅自渡过三途河的人诱导回其原本的世界。","牛鬼","改变身边物体重量程度的能力（鬼形兽）","古代鱼的携子护卫"
"庭渡久侘歌 / 庭渡 久侘歌 / Niwatari Kutaka","○3面BOSS
地狱口岸的守护神

庭渡 久侘歌
Niwatari Kutaka

种族：神明
能力：治愈喉咙疾病程度的能力

负责地狱与鬼之国之类的，异界的口岸的护卫。
她的工作负责区分鬼与人类，将他们分配到属于各自的地方。 

这次她从阎魔大人那里听说了想去地狱的人类的事情，
有些担心她们去了地狱到底有没有问题，就想确认一下她们的实力。 

她只是工作场所位于彼岸，平时并不住在彼岸。 
她平时似乎住在妖怪之山瀑布上方、景致非常好的地方。

她的真身其实是被人类家畜化之前的野生鸡的神明——二羽渡（niwatari）神。 
一提到鸡，很多人脑海中会有羸弱、胆小的印象，但她是一位彬彬有礼、为人公正、
优先平等与利他精神的神明。


她暗中也在想，对于沦为人类食材的鸡，她能不能为了提升它们的地位而做点什么。","神明","治愈喉咙疾病程度的能力（鬼形兽）","地狱口岸的守护神"
"吉吊八千慧 / 吉弔 八千慧 / Kitcho Yachie","○4面BOSS
鬼杰组组长

吉吊 八千慧
Kitcho Yachie

种族：吉吊
能力：让人失去反抗意志程度的能力


畜生界，是一个究极的弱肉强食的世界。
这世界被强者顺着自己的欲望支配着……本应如此，但一些较为狡猾的人开始形成组织，
如今已经化作了被几个巨大组织支配着的世界。

几乎全部的动物灵靠单体已经没有胜算，只能隶属于某个组织，永远作为奴隶进行战斗，
这是生存下去的唯一手段。
就算所有人已经疲惫不堪，组织的行动也无法被阻止。

以拥有强健的脚力、獠牙和肉体为特征的动物灵们所构成的组织——劲牙组。
擅长从土中、水中、阴影中等处进行奇袭的动物灵们所构成的组织——鬼杰组。
或是从空中、或是利用压倒性的身体大小，从俯瞰视角进行战斗的动物灵组织——刚欲同盟。
擅长陷阱、投毒、寄生、拟态等等各种卑鄙手段的动物灵们所组成的不明组织，诸如此类。

这些巨大畜生组织争抢着畜生界的占有率。 

在此之中，有着一种被所有组织役使着的完完全全的奴隶。
力量微小，手头却灵巧的生物——灵长类，也就是人类的灵。

这些畜生组织的支配层，为了不让万能奴隶人类断绝，建立了一个保护设施。
这个保护设施名为灵长园。
唯有在灵长园欣赏这些不具备抵抗手段的人类时，各个组织都会忘记斗争。
灵长园也是畜生界的和平的娱乐设施。

然而，这成了他们最大的失败。
将作为单体完全无力的人类之灵聚集在一处，最终导致了毁灭性组织的诞生。


人类的灵诅咒手无缚鸡之力的自己，向神祈求。
神也回应了人类的祈求，向人类给予了信仰的偶像。

信仰的力量是革命性的。
有了信仰心的人类灵不再畏惧动物灵。
在原本只能凭借一己之欲进行活动的畜生界中，人类灵变得能够循着利他精神进行活动，是很重要的。

然而实际上真正拥有了力量的并非是人类灵，而是偶像。
人类灵原本只是皈依于存在于偶像背后的神性，却逐渐开始信仰起偶像本身来。
结果，自然而然地，偶像开始支配人类。
灵长园受偶像支配，人类灵的地位再次跌落到了谷底。

被偶像支配的灵长园，成为了最为凶恶的失控组织。

偶像跳出灵长园，也开始支配起畜生界。
面对不具备肉体、灵魂、欲望的偶像们，畜生们毫无还手之力。
这样下去畜生界就会被偶像所支配，最终化作废墟。


然而畜生们也不会坐等自己被支配。
擅长奇袭的鬼杰组，为了起死回生建立了打倒偶像的作战计划。
那就是“卷入地上的人类，借用人类之手毁灭灵长园”作战。
毕竟动物无法创造出宗教，所以就投入拥有与灵长园的偶像崇拜不同的信仰心的人类，
开展一场宗教战争——如此大胆的作战。


来往畜生界和地上并不简单。
但是，畜生界与地狱相邻，来往起来也相对简单一些。

如今，地狱也因为权力斗争一片混乱，经由地狱前往人界是很简单的。
动物灵们经由地狱前往地上，（抱着要是能成功支配就更好了的心理）假装攻进地上，
演了一出好戏。



她则是存在于畜生界的四大组织之一鬼杰组的组长。
她将动物灵送进人界，寻找着好用的人类。

她对任何人都是一副彬彬有礼的样子，但内心里却瞧不起绝大多数人。

没有人能够违抗她。","吉吊","让人失去反抗意志程度的能力（鬼形兽）","鬼杰组组长"
"杖刀偶磨弓 / 杖刀偶 磨弓 / Joutougu Mayumi","○5面BOSS
埴轮兵长

杖刀偶 磨弓
Joutougu Mayumi

种族：埴轮
能力：让忠诚度直接化为实力程度的能力

袿姬制作的埴轮兵团的首长。
她剑术、弓术、骑术样样擅长，虽然技艺古旧，
但纯粹的战斗能力极高。

由于埴轮被毁坏之后也能立刻修复，不会生病，也无需休息，
有人预测动物灵、人类灵的工作最终都逐渐会被效率更高的埴轮所取代。

此外，不具备肉体的畜生界的灵们，对于虽说是偶像却拥有实体的埴轮们毫无还手之力。
灵体的攻击只会对对方的灵体部分产生影响，因此对于身躯内空空如也的偶像几乎没有什么效果。

她们平时守护着灵长园，但她们在畜生界已然处于无敌的状态，军队也失去了存在的意义。

就在这时，能够破坏偶像的具有肉体的人类到来了。","埴轮","让忠诚度直接化为实力程度的能力（鬼形兽）","埴轮兵长"
"埴安神袿姬 / 埴安神 袿姫 / Haniyasushin Keiki","○6面BOSS
孤立无援造就的造形神

埴安神 袿姬
Haniyasushin Keiki


种族：神明
能力：创造偶像程度的能力

灵长园的人类灵抱着起死回生之念召唤的神明。
她能够制作出精巧的偶像。
她所制作的偶像，能够收集信仰、当作替身、一起玩耍、装饰房间，品质上乘。

她支配了灵长园，保护着受到动物灵虐待的人类灵。
她也觉得，要是畜生界的动物灵们能够尊重人类灵，就可以共存下去。

然而她做梦也没有想到，区区动物灵竟然会为了破坏偶像，想出了从地上带来人类的计谋。


人类被欺骗去参加争夺人类灵的作战，这真可谓是畜生的行径。","神明","创造偶像程度的能力（鬼形兽）","孤立无援造就的造形神"
"骊驹早鬼 / 驪駒 早鬼 / Kurokoma Saki","○EXTRA BOSS
劲牙组组长

骊驹 早鬼
Kurokoma Saki

种族：骊驹
能力：拥有无与伦比的脚力程度的能力


劲牙组的组长。
那个曾令他们束手无策的灵长园的袿姬被打倒的消息刚在畜生界传开，她立刻就展开了下一步行动。
她认为，只要袿姬不在，自己支配畜生界只是时间的问题，因此在那之前先视察一下人界，
如果可能的话就直接支配。

她做出决定之后就会立刻行动。
她尊重部下的想法和功绩等等，作为一个组织的上司，算是比较受欢迎的（然而工作方面依旧黑心）

她喜欢有实力的人才，就算对方与自己为敌也是如此。

她虽然和吉吊、袿姬都合不来，但她尊敬她们非凡的实力。","骊驹","拥有无与伦比的脚力程度的能力（鬼形兽）","劲牙组组长"
"森近霖之助 / 森近 霖之助 / Morichika Rinnosuke","","人类与妖怪的混血","知道道具的名字和用途程度的能力（求闻史纪，儚月抄）",""
"桑尼米尔克 / サニーミルク / Sunny Milk","","妖精","折射光线程度的能力（求闻史纪，三月精）","闪耀的日之光"
"露娜切露德 / ルナチャイルド / Lunar Child","","妖精","消除声音程度的能力（求闻史纪）消除周围声音程度的能力（三月精）","静谧的月之光"
"斯塔萨菲雅 / スターサファイア / Star Sapphire","","妖精","感应到活动事物程度的能力（求闻史纪，三月精）","倾泻而下的星之光"
"绵月丰姬 / 綿月 豊姫 / Watatsuki no Toyohime","","System.Xml.XmlElement","连接山海程度的能力（锦上京、人妖名鉴、幻存神签）","连接海与山的月之公主"
"绵月依姬 / 綿月 依姫 / Watatsuki no Yorihime","","月人","让神附体的能力（儚月抄）","神灵附体的月之公主"
"铃仙二号 / レイセン / Reisen","","月兔","",""
"稗田阿求 / 稗田 阿求 / Hieda no Akyuu","","人类","过目不忘程度的能力求闻持的能力（东方求闻史纪）听过之事不会忘却的能力（东方求闻口授）","幻想乡的记忆"
"茨木华扇 / 茨木華扇 / Ibaraki Kasen （茨华仙 / 茨華仙 / Ibarakasen）","","仙人/鬼","引导动物的能力（茨歌仙）","威胁！聆听愿望的仙人"
"茨木童子之臂 / 茨木童子の腕 / Ibaraki Douji no Ude","","仙人/鬼","引导动物的能力（茨歌仙）","威胁！聆听愿望的仙人"
"本居小铃 / 本居 小鈴 / Motoori Kosuzu","","人类","阅读记录了妖怪的存在的「妖魔本」的能力（铃奈庵公式介绍）
可以读懂任何文字的能力（非公式说明）","识文解意的爱书人（Bibliophilia）"
"奥野田美宵 / 奥野田 美宵 / Okunoda Miyoi","","座敷童子","暂无公式说明","梦幻酒家「鲵吞亭」的店花"
"宇佐见莲子 / 宇佐見 蓮子 / Usami Renko","","人类","看见星星便知晓目前的时间，看见月亮便知晓目前的所在地的能力","（官方资料未直接说明，仅作推测）"
"玛艾露贝莉·赫恩 / マエリベリー?ハーン / Maribel Hearn（梅莉 / メリー / Merry）","","人类","看得见结界的能力（官方资料未直接说明，仅作推测）",""
"豪德寺三花 / 豪徳寺 ミケ / Goutokuzi Mike","　○１面BOSS　
　　生意兴隆的吉祥物

　　豪德寺 三花
　　Goutokuzi Mike

　　种族：招财猫
　　能力：招财或者招客程度的能力


　　住在豪德寺的招财猫原本是白猫。
　　然而作为三花猫诞生的她，因为她的外观吃了不少苦头。
　　有时她被当作异类疏远，有时她险些面临毛发被染色的命运。
　　但是，由于她反倒主张身为三花猫有什么错，所以她被彻底排挤，
　　未能进行招财猫的修行。

　　可能因为这般原因，她作为招财猫的能力并不完全。
　　招财猫本应既能招财又能招客，但她只要招了财和客的其中之一，
　　就会让另外一方远离。

　　这样一来把她放在店里也没什么价值。自然而然，也没有人愿意接手。
　　她反而觉得这是她的幸运，以清爽的心情离开了招财猫社会。
　　于是，她开始在山中过起了悠然自得的新生活。","招财猫","招财或者招客程度的能力（虹龙洞）","生意兴隆的吉祥物"
"山城高岭 / 山城 たかね / Yamashiro Takane","　○２面BOSS
　　深山的经商妖怪

　　山城 高岭
　　Yamashiro Takane

　　种族：山童
　　能力：操纵森林的气程度的能力

　　住在山中的人型妖怪。妖怪的性质与河童相似。
　　她们在妖怪之山的深处建立大本营，过着集体生活。

　　她们是在森林中生活的专家，技术水准也很高。
　　明明她们住在森林里，经济研究却很先进，构筑着复杂的金钱系统。

　　她们与河童之间会相互称对方为『区区住在河里的两栖类』和『区区住在林子里的猴子』，是好对手。
　　河童的机械如果没有山童就无法完成，山童的经济若没有河童的制造能力也是暴殄天物。
　　不论是在技术上还是在经商上，她们都相互依存着。

　　而她则是山童中领袖一般的人物。
　　据说其中理由，是因为她和其他山童比起来，说话方式些许更文明一些。","山童","操纵森林的气程度的能力（虹龙洞）","深山的经商妖怪"
"驹草山如 / 駒草 山如 / Komakusa Sannyo （驹草太夫 / 駒草太夫 / Komakusa Dayuu）","　○３面BOSS
　　栖息于高地的山女郎

　　本名　驹草 山如
　　Komakusa Sannyo

　　通称　驹草太夫

　　种族：山女郎
　　能力：以烟草的烟操纵精神程度的能力

　　喜欢烟草的山中妖怪。栖息于妖怪之山的高地。
　　山里的妖怪们，由于她的风貌，对她以驹草太夫这个爱称称呼，很是亲近。

　　她面向天狗、山童和河童们开办赌场，以赌博的庄家为生计。
　　赌博对于山中的妖怪来说，是最好的娱乐。

　　100%天然妖怪之山生产的烟草，以将烟吸入后会产生种种效果知名。
　　有时可以让内心平静，有时也反而会让人心潮澎湃。
　　她巧妙地运用这个烟雾，避免赌场中常见的狂暴事件发生。
　　她开办的赌场，是绅士们的社交场所。由于充斥在赌场内的烟草烟雾……。

　　突然涌现的能力卡牌，对于山中妖怪来说是用来赌博的最好的彩头。
　　她如此作想。","山女郎","System.Xml.XmlElement","栖息于高地的山女郎"
"玉造魅须丸 / 玉造 魅須丸 / Tamatsukuri Misumaru","　○４面BOSS
　　真正的勾玉匠人
　　
　　玉造 魅须丸
　　Tamatsukuri Misumaru

　　种族：神明
　　能力：制造勾玉程度的能力

　　从古代的矿物制造勾玉的神明。
　　勾玉是能够将生物的灵魂注入其中的魔法器具。
　　虽然程度微小，但也能复制他人的能力、气质和记忆收纳其中。
　　只要使用勾玉的力量，复制他人的能力和读取对手的情报是很容易的。

　　在虹龙洞中开采的龙珠是非常适合制造勾玉的矿物。
　　听闻大天狗在山中四处打洞开采这个矿物，她连忙来到现场考察。
　　这是因为，龙珠落入恶人手中是很危险的。除此之外，她也比较担心对山的环境破坏。
　　她已经看过无数任由欲望开山，又随着资源耗竭而被抛弃的矿山遗址了。


　　虹龙洞的内部结构十分复杂，很难轻易了解矿洞的全貌。
　　在她的调查过程中，有人类闯了进来。
　　她使用勾玉的力量调查她们的目的，发现似乎是在调查能力卡牌的事情。
　　她说这里面并不是人类能够进入的地方，将那些闯进来的人赶走了。

　　她继续调查虹龙洞。
　　在矿洞深处的，是不停开采这座山的危险妖怪——大蜈蚣……","System.Xml.XmlElement","制造勾玉程度的能力（虹龙洞）","真正的勾玉匠人"
"菅牧典 / 菅牧 典 / Kudamaki Tsukasa","　○５面中BOSS
　　耳边低语的邪恶白狐
　　
　　菅牧 典
　　Kudamaki Tsukasa


　　种族：管狐
　　能力：抓住灵魂弱点乘虚而入程度的能力

　　她是饭纲丸龙可靠的助手，能带来超出命令预期的成果……至少是被这样认为的。
　　实际上她则是抓住对手心灵上的弱点乘虚而入，引发混乱的元凶。

　　她不仅要主持大天狗和集市之神之间的交涉，还要向大蜈蚣作出指示，一副很忙的样子。
　　不论大天狗、集市之神还是大蜈蚣，都对她信赖备至，找她询问各种意见。

　　但她的真实身份是管狐。

　　听从她的建议的人都会得到金钱上的恩惠。
　　但也不能忘记，等待着这些人的是毁灭性的结局。

　　不论集市之神还是大蜈蚣，都发展成不得不与灵梦等人战斗的地步，罪魁祸首还是她的教唆。","管狐","抓住灵魂弱点乘虚而入程度的能力（虹龙洞）","耳边低语的邪恶白狐"
"饭纲丸龙 / 飯綱丸 龍 / Iizunamaru Megumu","　○５面BOSS
　　鸦天狗的首领
　　
　　饭纲丸 龙
　　Iizunamaru Megumu


　　种族：大天狗
　　能力：操纵星空程度的能力

　　住在山顶附近的大天狗之一。
　　天狗的社会是阶级层次分明的社会，大天狗在天狗社会中相当于老大。
　　因为他们也可以向普通的天狗发布命令。大天狗的命令是绝对的。
　　有些时候他们也会向山中的其他妖怪指派命令。但有些妖怪会违抗他们的命令。

　　虽说他们拥有命令人的权力，但他们基本上不会为了一己私利下达命令。
　　大天狗身上承担着发展、维系天狗社会的义务。

　　她将视线放在了沉眠于山中的龙珠上。
　　龙珠就算不加工成勾玉，也有些许能够注入灵魂的效果。
　　如果使用这个效果制作出想让人互相交换的娱乐用品，肯定能大赚一笔。

　　然而，单纯只是制作完销售，盈利也只会是一时的，数额也可想而知。
　　
　　因此她决定建立一个能广泛流通、专门用来交换的通货系统。
　　每当卡牌贩子和人进行交换，通货系统也能得到推广，也就可以相应地从中盈利。
　　她明白这样比制作东西拿去贩卖比起来，能赚更多的钱。

　　但是，为此她所需要的，是人们会用她独自的通货系统进行交换的理由。

　　此时她所关注的，是失去了立足之地而濒临消失的“集市之神”。
　　她设置了一个机关，仅限在集市之神的力量下成交的生意，卡牌的魔力才会得到补充，
　　能力卡的能力才会显现。除此之外的场合下，能力卡牌仅仅是纸片而已。

　　正如大天狗的预期，能力卡牌得以自由地流通，她也获得了十足的利益。

　　然而这时问题发生了。
　　由于卡牌流通的活性化，集市之神取回了原本的力量，
　　发展到了能够威胁天狗社会的地步。","System.Xml.XmlElement","操纵星空程度的能力（虹龙洞）","鸦天狗的首领"
"天弓千亦 / 天弓 千亦 / Tenkyu Chimata","　○６面BOSS
　　无主物之神
　　
　　天弓 千亦
　　Tenkyu Chimata


　　种族：神明
　　能力：剥夺所有权程度的能力

　　对于人类来说，放弃一样事物是很难的。
　　就算把东西给人，这个东西是谁赠送的这样的信息会一直保留下去。
　　就算把东西扔进垃圾箱里，非法丢弃在山里，是谁扔的这种信息也会留存下来。
　　失去所有权，并不是一项容易的事情。

　　但是，有一个地方可以完完全全地做到这种事。
　　那就是人唯一可以交换事物的场所——集市。
　　通过在集市上售出，人就能够完全地丧失所有权。

　　她是司掌这方面的神明。

　　最近世间多了很多不经过集市的物品交易，导致所有权在世间泛滥，为此她哀叹不已。

　　当饭纲丸向她提出想要召开集市的时候，她心想决不能放过这个机会，
　　于是提出只要能像原本的集市一样，以严格的条件进行交易，就可以帮她的忙。

　　她深知自己是在被饭纲丸利用来做生意。
　　但她觉得，等到生意成功之时，她就会取回自己作为神明的力量，
　　区区大天狗不足为惧。


　　第一次集市，是在彩虹架在月上之时，于山顶召开的。
　　参加者只有千亦、饭纲丸、管狐典、和大蜈蚣百百世四人。

　　在第一次集市上，她们贩卖了封入了自身能力的卡牌。
　　她们在月虹之下，相互交换了卡牌。
　　正如她们所想，被封入卡牌中的复制的能力，
　　完全与原本的能力所有者分离，成为了新的所有者的能力的一部分。
　　对于这个结果，饭纲丸和百百世都兴奋不已。

　　在那之后，集市一次又一次召开，卡牌以山为中心广为流通。
　　为了使用卡牌的能力，就要遵从规则来购买。
　　不能靠抢、靠丢、靠捡、靠送。

　　这也是为了让集市之神千亦获得力量的规则。
　　在饭纲丸眼里集市是一门生意，但对于千亦来说集市是为了取回神的力量的祭礼。

　　当两人的冲突开始浮现于表面的时候，终结一切的破坏者到来了。
　　这些破坏者试图以暴力解决一切事物，也就是所谓的市场破坏者——“贼”。


　　巧合的是，人类的“贼”来临的时候，正好和第一次集市一样，是彩虹架在月上的夜晚。","System.Xml.XmlElement","剥夺所有权程度的能力（虹龙洞）","无主物之神"
"姬虫百百世 / 姫虫 百々世 / Himemushi Momoyo","　○EXTRA BOSS
　　漆黑的噬龙者

　　姫虫 百百世　
　　Himemushi Momoyo


　　种族：大蜈蚣
　　能力：噬龙程度的能力

　　大蜈蚣
　　拥有丑恶的外表和令人不快的毒液，算是很受人厌恶的妖怪。
　　就连强大的龙也不会靠近他们。在山脚他们被认为是屠龙的最强妖怪，深受畏惧。

　　从扑面而来的负能量中精炼出来的魔力是庞大的，她拥有着强大的魔力。
　　本身也没有人愿意接近她，这也为她的最强传说再添一笔。

　　实际上，没有人知道她到底能不能噬龙。


　　但是，她的确是在虹龙洞中寻求被称为是龙的所有物的“龙珠”。
　　正当她从洞窟中挖出了龙珠，从不厌恶与自己相会的亲友大天狗饭纲丸，
　　向她提出了做生意的事情。

　　百百世接受了开山挖掘虹龙洞的职责。报酬就是龙珠。
　　比起吃掉自己的亲友大天狗（饭纲丸）龙，龙珠已经足够了。


　　就当她每天辛辛苦苦挖龙珠的时候，她闻知终于有盗采者出现了。
　　当然，她高兴万分。

　　　“龙珠我已经吃腻了。
　　　　盗采者可以说是最棒的点心了！”","System.Xml.XmlElement","噬龙程度的能力（虹龙洞）","漆黑的噬龙者"
"孙美天 / 孫　美天（そん　びてん） / Son Biten","○小小圣域的大圣

　种族　　猿神
　名字　　孙 美天
　能力　　操纵野生猿猴程度的能力

　　她听信了他人的妄言，认为自己是传说中的神猿孙悟空的转世。

　幻想乡中的领土已经悉数解消了所有权，
但部分地区却仍有把持权力的灵留存。
　那便是圣地——山姥之地。
　山姥之地位于妖怪之山山麓，是一片不可踏足的圣域。

　在曾经掌控这片地域的幽灵犹豫是否要返还领土所有权的时候，
她将幽灵吞入腹中，化为了鬼。她在拥有肉体的同时，觉醒了鬼的力量。

　这样一来，她注定要堕入地狱遭受酷刑吧。
　这时，吉吊八千慧接近了她。声称能够帮她免除堕入地狱的命运。
　然而，这其实是鬼杰组为进军地表而作的铺垫。

　但无论是向吉吊八千慧介绍她，
还是让她落入吞食幽灵的窘境，一切其实都是残无的所为。

　被玩弄于股掌之间的，究竟是孙悟空还是一众畜生们呢？","猿神","操纵野生猿猴程度的能力（兽王园）","小小圣域的大圣"
"三头慧之子/三頭 慧ノ子（みつがしら　えのこ）/Mitsugashira Enoko","○死寂的刻耳柏洛斯

　种族　　不死的山犬
　名字　　三头 慧之子
　能力　　操纵陷阱程度的能力


　早鬼对她颇为欣赏，盛赞她的风采堪比刻耳柏洛斯。

　她是山犬，曾在残无仍是人类的时候吃过残无的肉。
　因此，她背负上了永恒的诅咒。

　昔日的她独自隐居在魔法森林中，拥有近乎永恒的寿命，却未曾觉醒。
她只是一头垂老的野兽，活过了漫长的年月，
默默等待着生命之火熄灭。


　然而某一天，她的心底响起了某人的呼唤。

　是那位被她撕咬躯体却依然满面笑容的、不可思议的僧侣的声音。

　“吞吃过我的血肉的幸运野兽啊。宝珠就掉落在你身边，去吞下它吧。”

撼动心灵的呼唤让她苏醒过来。


　那颗宝珠与净化生命的月之宝珠十分相似。
　在捧起宝珠的那一刻，野兽周身的污秽都被清除了。
　看来，她成为了货真价实的不死之身。

　随后那个声音对她下令，让她吞噬地上的所有动物灵。


　然而她遇到了最强的动物灵——早鬼，并被早鬼怀柔了。

　而向早鬼介绍她的，又是那位不可思议的僧侣残无。

　顺带一提，她手上的捕兽夹会随着她的手掌开合，十分危……十分方便。","不死的山犬","System.Xml.XmlElement","死寂的刻耳柏洛斯"
"天火人血枪/天火人 ちやり（テンカジン　ちやり）/Tenkajin Chiyari","○污秽的有机怪物

　种族　　天火人
　名字　　天火人 血枪
　能力　　操纵血与火程度的能力

　她是被诅咒的妖怪，身缠火焰与血液，原形不明。

　人们认为她的原形是巨大的貉，
但据说见过她的人却完全不敢苟同。
　地上的人类将她称为卓柏卡布拉，对她畏惧有加。
但她对自己被归为这种名字奇异的怪物一事颇为不满。

　她是个觉得血池地狱遗址安逸宜居的怪胎。
　在饕餮来到血池地狱遗址之前，她就已经定居在那里了。
　她通过吸食生物的血液生活，但温吞的生物血液无法满足她。
她追寻着怨念翻涌的诅咒之血，来到了血池地狱遗址。
　血池地狱遗址实在太合她的心意，所以她早已对地上失去了兴趣。

　她原本就住在地狱中，仰仗着血池的恩惠生活。
因此血池地狱遗址对她而言与乐园无异。

　最近，她刚刚从老相识残无的口中得知饕餮也在血池地狱遗址。
和饕餮这个同道中人相遇之后，两人立刻就意气相投了。

　据饕餮说，地上的动物灵们如今正在为了争抢地盘而大打出手。
她对地上的领土之争并没有兴趣，但饕餮兴致勃勃的样子让她也不由得热血沸腾起来。

　她暗中期待着。
　若是去往抛弃了旧地狱的残无身边，一定能够品味到更为强烈的怨念吧。","天火人","操纵血与火程度的能力（兽王园）","污秽的有机怪物"
"豫母都日狭美/豫母都　日狭美（よもつ　ひさみ）/Yomotsu Hisami","○地狱的美貌跟踪狂

　种族　　黄泉丑女
　名字　　豫母都 日狭美
　能力　　令目标无处可逃程度的能力


　她是地狱的揽客一枝花，会用甜言蜜语将不慎接近地狱的倒霉蛋拖入地狱。
　她通常是巧言令色去诱使人踏入地狱，但对方若是逃走，她便会追到天涯海角。
　一旦被她盯上，恐怕就难逃堕入地狱的命运了。


　据说，她能根据自己拖入地狱的人数获得报酬。
　她和亡者约好瓜分这份报酬，诱导亡者进入地狱。
　看样子，她的确会履行约定，所以堕入地狱的人类也并不记恨她。
　拜她所赐，堕入地狱的灵远远超过了预定的数量，她也因此被阎魔大人盯上了。


　她单方面景仰着以人类之身支配地狱的奇特僧侣——残无。
然而她为残无办事的时候却时常用力过猛，最后反而坏了事。

　残无掌控不住的人物并不多见，而她就是其中之一。","黄泉丑女","令目标无处可逃程度的能力（兽王园）","地狱的美貌跟踪狂"
"日白残无/日白　残無（にっぱく　ざんむ）/Nippaku Zanmu","○寂灭为乐之王

　种族　　人鬼
　名字　　日白 残无
　能力　　操纵虚无程度的能力


　她是不可思议至极的鬼。
　最初，她是背离了世间一切道义的破戒僧。
　她自战国时代生存至今，饱尝人世无情，磨砺了坚忍不拔的意志。

　作为僧侣，她被禁止杀生。但战国时代以屠戮之数为傲的风潮让她心生疑惑。
　她认为杀死灵体不算杀生而是救济，于是开始吸收幽灵和动物灵。
　她也吸收了妖兽的灵，却因此而失去了人类之身。
　但聪颖的她在堕入地狱之前主动前往了地狱。

　在堕入地狱之后，她依靠自己独树一帜的能力和不可思议的话术取得了鬼的信赖。
　她本人也已化成了鬼，这大概也是她能够取得信赖的要因之一。
　和耀武扬威的一般鬼族恰恰相反，她成为了依靠巧舌如簧去支配地狱的智慧之鬼。


　把陈腐破败、运作不力的旧地狱分离出去，建设全新的地狱——这也是她的提议。
　因此，残无的名号在旧地狱可谓是家喻户晓。


　脑袋空空的坏人暂且不谈，诡计多端的坏人单靠耀武扬威的态度是无法驾驭的。
　这时，她总会巧妙地打好圆场。
　如今的地狱成为了奸恶之徒的安全网，她出色的协调能力功不可没。



　自此以后经过了数百年，畜生界的动物灵们开始燃起支配地表的野心。
　不知是偶然还是必然，与此同时，地上的所有权也回归了虚无。
　此事传入了畜生的耳中，进军地上的决定已是板上钉钉。

　地狱的鬼族们对此高度警戒，也集结了武力，战争一触即发。
　若是鬼族和畜生在地上开战，地表会化作字面意义上的地狱。


　残无回想起战国时代。彼时的残酷无情，幻想乡显然并不需要。
　残无表示此事会由自己接手，请鬼族暂缓出兵。


　她暗中唆使动物灵各方势力的领袖，刻意诱导她们同时进军地表。
　让畜生们形成三足鼎立的局势，最后再由自己全盘接收——这是她的计划。

　她对各派畜生的想法了如指掌。
　要暗中操控它们不费吹灰之力。


　然而，她并不知道如今的幻想乡竟有深得妖怪拥护的人类。
　这样一来情况就大不相同了。
　不必把幻想乡交给不入流的畜生。
　就让那个人类去接管吧。
　那个人类，和集鬼族与畜生的信赖于一身的自己是何其相似。","人鬼","操纵虚无程度的能力（兽王园）","寂灭为乐之王"
"宫出口瑞灵System.Xml.XmlElement宮出口　瑞霊（みやでぐち　みずち）System.Xml.XmlElement","","怨灵","夺取全身心程度的能力（幻存神签）","唯恐避之不及的反狱怨灵"
"尘塚姥芽System.Xml.XmlElement塵塚　ウバメ（ちりづか　うばめ）System.Xml.XmlElement","栖息于圣域的山姥之长

　　尘塚 姥芽
　　Chirizuka Ubame

　　种族：山姥
　　能力：破坏圣域程度的能力


　　她是山姥之王。
　　山姥不喜欢社会化的生活，但种族内部存在着森严的阶级制度。
　　大部分情况下她们以先来者为尊。

　　虽说是王，但她对山姥排斥干涉的脾性心知肚明，
　　因此一直以来只是默默守护着族群。
　　然而，但凡有任何会让生活产生变化的事物被带入圣域，
　　她便会不遗余力地将其排除。山姥会杀死来访者也正是出于这个缘由。

　　她是圣域的管理者，又守护着圣域的平安，因此不单是同族的山姥
　　其它妖怪和动物似乎也都仰慕着她。","山姥","破坏圣域程度的能力（锦上京）","栖息于圣域的山姥之长"
"封兽魑魅System.Xml.XmlElement封獣　チミ（ほうじゅう　ちみ）System.Xml.XmlElement","○２面BOSS
　　原形不明的反骨妖兽

　　封兽 魑魅
　　Houju Chimi

　　种族：魑魅
　　能力：操纵山河之气程度的能力

　　她是原形不明的妖怪，通常被认为是某种长耳妖兽。
　　她是早在如今名为妖怪的概念诞生之前便已存在的古老物怪，始终栖息在圣域之中。

　　若是在山川或森林之中出现了不可思议的现象，那么她可能就在附近。
　　这并非是她主观想要恶作剧，而是当她想隐匿身形时
　　不可思议的现象便会自然发生。
　　从这个角度看来，她与其说是妖怪，不如说更近似于精灵或是神明。

　　她只能栖居于山川、森林、河流这样的自然环境之中，
　　随着土地开发的推进，她也难逃消逝的命运。

　　此次她在圣域的异常结界内部现身，这并非偶然。
　　唯有在人类和其他妖怪鲜少踏足的场所，她才会露面。","魑魅","操纵山河之气程度的能力（锦上京）","原形不明的反骨妖兽"
"道神驯子 / 道神　馴子（みちがみ　なれこ） / Michigami Nareko","○３面BOSS
　　闭门不出的圣地道祖神

　　道神 驯子
　　Michigami Nareko

　　种族：道祖神
　　能力：挡道拦路程度的能力


　　她是被遗忘在地底祭坛之上的道祖神。
　　然而，她并不是金字塔的看守者。
　　古人设置这尊道祖神的用意如今已不得而知，但总而言之，
　　他们将她安置在这里，是为了阻拦某种东西离开金字塔。

　　然而，金字塔内外都不见半个活物通过，她无聊得要发狂了。
　　那时的她，唯一的梦想便是效仿那传说中的斯芬克斯，
　　用难解的谜题撵走来访者。

　　这次终于等来了人类，她有些兴奋过度，战斗起来就把本职任务抛到了九霄云外。

　　这么说来，道祖神的使命似乎是守护人类。
　　然而在她眼中，身缠异变石之力的巫女一行并不是人类。

　　而且，守望至今的金字塔也并未出现任何变化。
　　巫女推测敌人藏在金字塔内部，这份推测是否准确呢。
　　若是准确无误，那么从今往后果然也不能让任何人踏出金字塔。
　　因为这就是她的使命。","System.Xml.XmlElement","挡道拦路程度的能力（锦上京）","闭门不出的圣地道祖神"
"维缦·浅间 / ユイマン・浅間（ゆいまん　あさま） / Yuiman Asama","","古神人","",""
"磐永阿梨夜 / 磐永 阿梨夜（いわなが　ありや） /  Iwanaga Ariya","","System.Xml.XmlElement","",""
"System.Xml.XmlElement","","蜃","",""
