"露米娅","月符「Moonlight Ray」（月亮光）/月符「ムーンライトレイ」","夜符「Night Bird」（夜雀）/夜符「ナイトバード」","暗符「Demarcation」（境界线）/闇符「ディマーケイション」","暗符「Dark Side of the Moon」（月的阴暗面）/闇符「ダークサイドオブザムーン」","夜符「Midnight Bird」（子夜之鸟）/夜符「ミッドナイトバード」"
"琪露诺","冰符「Icicle Fall」（冰瀑）/氷符「アイシクルフォール」","雹符「Hailstorm」（冰雹暴风）/雹符「ヘイルストーム」","冻符「Perfect Freeze」（完美冻结）/凍符「パーフェクトフリーズ」　","雪符「Diamond Blizzard」（钻石风暴）/雪符「ダイアモンドブリザード」","冻符「Freeze Actress」（冰冻演艺人）/凍符「フリーズアクトレス」","霜符「Frost Columns」（冰袭方阵）/霜符「フロストコラムス」","雪符「Diamond Blizzard」（钻石风暴）/雪符「ダイヤモンドブリザード」","冻符「Minus K」（负K）1/凍符「マイナスＫ」","冰符「Icicle Fall」（冰瀑）/氷符「アイシクルフォール」","冻符「Minus K」（负K）/凍符「マイナスＫ」","冰符「Ultimate Blizzard」/氷符「アルティメットブリザード」","冰符「Perfect Glacialist」（完美冰川学家）/氷符「パーフェクトグレーシェリスト」","冰王「Frost King」（霜冻之王）/氷王「フロストキング」"
"红美铃","华符「芳华绚烂」/華符「芳華絢爛」","华符「Selaginella 9」/華符「セラギネラ９」","虹符「彩虹的风铃」/虹符「彩虹の風鈴」","幻符「华想梦葛」/幻符「華想夢葛」","彩符「彩雨」/彩符「彩雨」","彩符「彩光乱舞」/彩符「彩光乱舞」","彩符「极彩台风」/彩符「極彩颱風」","华符「彩光莲华掌」/華符「彩光蓮華掌」","彩翔「飞花落叶」/彩翔「飛花落葉」","彩华「虹色太极拳」/彩華「虹色太極拳」"
"帕秋莉·诺蕾姬","火符「Agni Shine」（火神之光）/火符「アグニシャイン」","水符「Princess Undine」（水精公主）/水符「プリンセスウンディネ」","木符「Sylphy Horn」（风灵的角笛）/木符「シルフィホルン」","土符「Lazy Trilithon」（慵懒三石塔）2/土符「レイジィトリリトン」","金符「Metal Fatigue」（金属疲劳）/金符「メタルファティーグ」","火符「Agni Shine上级」（火神之光 上级）/火符「アグニシャイン上級」","木符「Sylphy Horn上级」（风灵的角笛 上级）/木符「シルフィホルン上級」","土符「Lazy Trilithon上级」（慵懒三石塔 上级）/土符「レイジィトリリトン上級」","火符「Agni Radiance」（火神的光辉）/火符「アグニレイディアンス」","水符「Bury in Lake」（湖葬）/水符「ベリーインレイク」","木符「Green Storm」（翠绿风暴）/木符「グリーンストーム」","土符「Trilithon Shake」（三石塔的震动）/土符「トリリトンシェイク」","金符「Silver Dragon」（银龙）/金符「シルバードラゴン」","火&土符「Lava Cromlech」（环状熔岩带）/火＆土符「ラーヴァクロムレク」","木&火符「Forest Blaze」（森林大火）/木＆火符「フォレストブレイズ」","水&木符「Water Elf」（水精灵）/水＆木符「ウォーターエルフ」","金&水符「Mercury Poison」（水银之毒）/金＆水符「マーキュリポイズン」","土&金符「Emerald Megalith」（翡翠巨石）/土＆金符「エメラルドメガリス」","月符「Silent Selene」（沉静的月神）/月符「サイレントセレナ」","日符「Royal Flare」（皇家圣焰）/日符「ロイヤルフレア」","火水木金土符「贤者之石」/火水木金土符「賢者の石」","符之一「St. Elmo Explosion」（圣爱尔摩爆炸）/符の壱「セントエルモエクスプロージョン」","符之二「Deluge Forty Day」（大洪水四十日）/符の弐「デリュージュフォーティディ」","金土符「Ginger Gust」（淡黄色的阵风）/金土符「ジンジャガスト」","日&水符「Hydrogenous Prominence」（氢化日珥）/日＆水符「ハイドロジェナスプロミネンス」","水&火符「Phlogistic Rain」（燃素之雨）/水＆火符「フロギスティックレイン」","月&木符「Satellite Himawari」（卫星向日葵）4/月＆木符「サテライトヒマワリ」","日&月符「Royal Diamond Ring」（皇家钻戒）/日＆月符「ロイヤルダイヤモンドリング」","火符「Akiba Summer」（秋叶之夏）/火符「アキバサマー」","水符「Jellyfish Princess」（水母公主）/水符「ジェリーフィッシュプリンセス」","月金符「Sunshine Reflector」（日光反射器）/月金符「サンシャインリフレクター」"
"十六夜咲夜","奇术「Misdirection」（误导）/奇術「ミスディレクション」","奇术「幻惑Misdirection」（幻惑误导）/奇術「幻惑ミスディレクション」","幻在「Clock Corpse」（钟表的残骸）/幻在「クロックコープス」","幻幽「Jack the Ludo Bile」（迷幻的杰克）/幻幽「ジャック·ザ·ルドビレ」","幻象「Luna Clock」（月神之钟）/幻象「ルナクロック」","幻世「The World」（世界）/幻世「ザ·ワールド」","女仆秘技「操弄玩偶」/メイド秘技「操りドール」","女仆秘技「杀人玩偶」/メイド秘技「殺人ドール」","奇术「Eternal Meek」（永恒的温柔）/奇術「エターナルミーク」","符之一「连续杀人玩偶」/符の壱「連続殺人ドール」","符之二「Check-Maid」（扫除）/符の弐「チェックメイド」","戏法「极近距离杀人鬼」/手品「クロースアップ殺人鬼」","「Deflation World」（收缩的世界）/「デフレーションワールド」","时符「Tunnel Effect」（穿隧效应）/時符「トンネルエフェクト」","空虚「Inflation Square」（膨胀空间）/空虚「インフレーションスクウェア」","银符「Perfect Maid」（完美女仆）/銀符「パーフェクトメイド」","银符「Silver Bound」（银之跳跃）/銀符「シルバーバウンド」","时符「咲夜特制秒表」/時符「咲夜特製ストップウォッチ」","幻术「My Knife Recursion」（吾刃回归）/幻術「マイナイフリカージョン」","时符「Silver Acute 360」（银之锐角360度）/時符「シルバーアキュート360」","时符「时停者咲夜」/時符「タイムストッパー咲夜」","时符「Changeling Magic」（调换魔法）/時符「チェンジリングマジック」","「Luminous Ricochet」（闪光弹跳）/「ルミネスリコシェ」","「我的世界」/「私の世界」"
"蕾米莉亚·斯卡蕾特","天罚「Star of David」（大卫之星）/天罰「スターオブダビデ」","神罚「年幼的恶魔之王」/神罰「幼きデーモンロード」","冥符「红色的冥界」/冥符「紅色の冥界」","狱符「千根针的针山」/獄符「千本の針の山」","诅咒「弗拉德·特佩斯的诅咒」/呪詛「ブラド?ツェペシュの呪い」","神术「吸血鬼幻想」/神術「吸血鬼幻想」","红符「Scarlet Shoot」（绯红之击）/紅符「スカーレットシュート」","红符「Scarlet Meister」（绯红之主）/紅符「スカーレットマイスタ」","「Red Magic」（红魔法）/「レッドマジック」","「红色的幻想乡」/「紅色の幻想郷」","符之一「Bad Lady Scramble」（恶女置乱）/符の壱「バッドレディスクランブル」","符之二「My Heart Break」（我心破碎）/符の弐「マイハートブレイク」","符之三「Hell Catastrophe」（地狱的大灾难）/符の参「ヘルカタストロフィ」","夜符「Queen of Midnight」（子夜之女王）/夜符「クイーン·オブ·ミッドナイト」","「Red Magic」（红魔法）/「レッドマジック」","「Scarlet Destiny」（绯色命运）/「スカーレットディスティニー」","魔符「全世界梦魇」/魔符「全世界ナイトメア」","红符「Bloody Magic Square」（嗜血魔方阵）/紅符「ブラッディマジックスクウェア」","红蝙蝠「Vampirish Night」（吸血鬼之夜）/紅蝙蝠「ヴァンピリッシュナイト」","神鬼「Remilia Stalker」（蕾米莉亚潜行者）/神鬼「レミリアストーカー」","命运「Miserable Fate」（悲惨的命运）/運命「ミゼラブルフェイト」","夜符「Bombard Night」（轰炸之夜）/夜符「ボンバードナイト」","蝙蝠「Vampire Sweep」（吸血鬼突袭）/蝙蝠「ヴァンパイアスウィープ」","神鬼「Remilia Stalker」（蕾米莉亚潜行者）/神鬼「レミリアストーカー」","「Fitful Nightmare」（断续的噩梦）/「フィットフルナイトメア」","「捉吸血鬼游戏」/「きゅうけつ鬼ごっこ」","红魔符「Bloody Catastrophe」/紅魔符「ブラッディカタストロフ」","红星符「超人血刀」/紅星符「超人ブラッディナイフ」","神红符「血腥十七条的光芒」/神紅符「ブラッディ十七条のレーザー」","「Queen of Midnight」（子夜之女王）/「クイーン?オブ?ミッドナイト」"
"芙兰朵露·斯卡蕾特","禁忌「Cranberry Trap」（红莓陷阱）/禁忌「クランベリートラップ」","禁忌「Laevatein」（莱瓦汀）/禁忌「レーヴァテイン」","禁忌「Four of a Kind」（四重存在）/禁忌「フォーオブアカインド」","禁忌「Kagome Kagome」（笼中鸟）/禁忌「カゴメカゴメ」","禁忌「恋之迷宫」/禁忌「恋の迷路」","禁弹「Starbow Break」（星弧破碎）/禁弾「スターボウブレイク」","禁弹「Catadioptric」（折反射）/禁弾「カタディオプトリック」","禁弹「刻着过去的钟表」/禁弾「過去を刻む時計」","秘弹「之后就一个人都没有了吗？」/秘弾「そして誰もいなくなるか？」","QED「495年的波纹」/QED「495年の波紋」","禁忌「Forbidden Fruits」（禁果）/禁忌「フォービドゥンフルーツ」","禁忌「被禁止的游戏」/禁忌「禁じられた遊び」","红魔符「Bloody Catastrophe」/紅魔符「ブラッディカタストロフ」","红神符「十七条大灾变」/紅神符「十七条のカタストロフ」","红星符「超人大灾变行脚」/紅星符「超人カタストロフ行脚」"
"蕾蒂·霍瓦特洛克","寒符「Lingering Cold」（延长的冬日）/寒符「リンガリングコールド」","冬符「Flower Wither Away」（花之凋零）/冬符「フラワーウィザラウェイ」","白符「Undulation Ray」（波状光）/白符「アンデュレイションレイ」","怪符「Table Turning」（桌灵转）/怪符「テーブルターニング」","寒符「Cold Snap」（寒流）/寒符「コールドスナップ」","冬符「Northern Winner」（北极的胜利者）/冬符「ノーザンウイナー」"
"橙","仙符「凤凰卵」/仙符「鳳凰卵」","仙符「凤凰展翅」/仙符「鳳凰展翅」","式符「飞翔晴明」/式符「飛翔晴明」","阴阳「道满晴明」/陰陽「道満晴明」","阴阳「晴明大纹」/陰陽「晴明大紋」","天符「天仙鸣动」/天符「天仙鳴動」","翔符「飞翔韦驮天」/翔符「飛翔韋駄天」","童符「护法天童乱舞」/童符「護法天童乱舞」","仙符「尸解永远」/仙符「屍解永遠」","鬼符「鬼门金神」/鬼符「鬼門金神」","方符「奇门遁甲」/方符「奇門遁甲」","鬼符「青鬼赤鬼」/鬼符「青鬼赤鬼」","鬼神「飞翔毘沙门天」/鬼神「飛翔毘沙門天」","星符「交错的鳞片」/星符「飛び重ね鱗」","鬼神「鸣动持国天」2/鬼神「鳴動持国天」","怪猫「橙」/化猫「橙」"
"爱丽丝·玛格特洛依德","操符「Marionette Parrar」（广范围操纵人偶）/操符「マリオネットパラル」","操符「Manipulate Puppet」（操纵人偶）/操符「マニピュレイトパペット」","操符「少女文乐」/操符「乙女文楽」","苍符「博爱的法兰西人偶」/蒼符「博愛の仏蘭西人形」","苍符「博爱的奥尔良人偶」/蒼符「博愛のオルレアン人形」","红符「红发的荷兰人偶」/紅符「紅毛の和蘭人形」","白符「白垩的俄罗斯人偶」/白符「白亜の露西亜人形」","暗符「雾之伦敦人偶」/闇符「霧の倫敦人形」","回符「轮回的西藏人偶」/廻符「輪廻の西蔵人形」","雅符「春之京都人偶」/雅符「春の京人形」","诅咒「魔彩光的上海人偶」/咒詛「魔彩光の上海人形」","诅咒「上吊的蓬莱人偶」/咒詛「首吊り蓬莱人形」","符之一「Artful Chanter」（狡猾的吟颂者）/符の壱「アーティフルチャンター」","符之二「Doll Crusader」（人偶十字军）/符の弐「ドールクルセイダー」","魔光「Devilry Light Ray」（惨虐之光）/魔光「デヴィリーライトレイ」","「猎奇剧团里的怪人」/「グランギニョル座の怪人」","操符「Dolls in Sea」（海中的人偶）/操符「ドールズインシー」","咒符「Straw Doll Kamikaze」（稻草人偶神风）/呪符「ストロードールカミカゼ」","赤符「Doll Mira Ceti」（人偶鲸鱼座）/赤符「ドールミラセティ」","步兵「Suicide Squad」（敢死小分队）/足軽「スーサイドスクワッド」","剑符「Soldier of Cross」（交错的士兵）/剣符「ソルジャーオブクロス」","人偶「没有灵魂的集体舞」/人形「魂のないフォークダンス」","人偶「Semi-Automaton」（半自主人偶）/人形「セミオートマトン」","骑士「Doll of Round Table」（圆桌人偶）/騎士「ドールオブラウンドテーブル」","牺牲「Suicide Pact」（自杀协议）/犠牲「スーサイドパクト」","试验中「Level Titania」（提泰妮娅级）/試験中「レベルティターニア」","试验中「歌利亚人偶」/試験中「ゴリアテ人形」"
"莉莉霍瓦特","春符「Surprise Spring」（惊喜之春）/春符「サプライズスプリング」"
"露娜萨·普莉兹姆利巴","弦奏「Guarneri del Gesù」（瓜尔内里·德尔·杰苏）/弦奏「グァルネリ?デル?ジェス」","神弦「Stradivarius」（斯特拉迪瓦里）/神弦「ストラディヴァリウス」","伪弦「Pseudo Stradivarius」（伪斯特拉迪瓦里）/偽弦「スードストラディヴァリウス」"
"梅露兰·普莉兹姆利巴","管灵「Hino Phantasm」（日野幻想）/管霊「ヒノファンタズム」","冥管「Ghost Clifford」（灵之克里福德）/冥管「ゴーストクリフォード」","管灵「Ghost Clifford」（灵之克里福德）/管霊1「ゴーストクリフォード」"
"莉莉卡·普莉兹姆利巴","冥键「法吉奥里冥奏」（Fazioli冥奏）/冥鍵「ファツィオーリ冥奏」","键灵「蓓森朵芙神奏」（B?sendorfer神奏）/鍵霊「ベーゼンドルファー神奏」"
"魂魄妖梦","幽鬼剑「妖童饿鬼之断食」/幽鬼剣「妖童餓鬼の断食」","饿鬼剑「饿鬼道草纸」/餓鬼剣「餓鬼道草紙」","饿王剑「饿鬼十王的报应」/餓王剣「餓鬼十王の報い」","狱界剑「二百由旬之一闪」/獄界剣「二百由旬の一閃」","狱炎剑「业风闪影阵」/獄炎剣「業風閃影陣」","狱神剑「业风神闪斩」/獄神剣「業風神閃斬」","畜趣剑「无为无策之冥罚」/畜趣剣「無為無策の冥罰」","修罗剑「现世妄执」/修羅剣「現世妄執」","人界剑「悟入幻想」/人界剣「悟入幻想」","人世剑「大悟显晦」/人世剣「大悟顕晦」","人神剑「俗谛常住」/人神剣「俗諦常住」","天上剑「天人之五衰」/天上剣「天人の五衰」","天界剑「七魄忌讳」/天界剣「七魄忌諱」","天神剑「三魂七魄」/天神剣「三魂七魄」","六道剑「一念无量劫」/六道剣「一念無量劫」","符之一「二重的苦轮」/符の壱「二重の苦輪」","符之二「心眼迷想斩」/符の弐「心眼迷想斬」","符之三「业风神闪斩」/符の参「業風神閃斬」","奥义「西行春风斩」/奥義「西行春風斬」","「待宵反射卫星斩」/「待宵反射衛星斬」","人智剑「天女返」/人智剣「天女返し」","妄执剑「修罗之血」/妄執剣「修羅の血」","天星剑「仿若涅槃寂静」/天星剣「涅槃寂静の如し」","四生剑「众生无情之声」/四生剣「衆生無性の響き」","人智剑「天女返」/人智剣「天女返し」","樱花剑「闪闪散华」/桜花剣「閃々散華」","断想剑「草木成佛斩」/断想剣「草木成仏斬」","瞑斩「楼观赋予我能斩断弹幕的心之眼」/瞑斬「楼観から弾をも断つ心の眼」","光符「冥府光芒一闪」/光符「冥府光芒一閃」","彼岸剑「地狱极乐胡乱斩」/彼岸剣「地獄極楽滅多斬り」"
"西行寺幽幽子","亡乡「亡我乡 -彷徨的灵魂-」/亡郷「亡我郷 -さまよえる魂-」","亡乡「亡我乡 -宿罪-」/亡郷「亡我郷 -宿罪-」","亡乡「亡我乡 -无道之路-」/亡郷「亡我郷 -道無き道-」","亡乡「亡我乡 -自尽-」/亡郷「亡我郷 -自尽-」","亡舞「生者必灭之理 -眩惑-」/亡舞「生者必滅の理 -眩惑-」","亡舞「生者必灭之理 -死蝶-」/亡舞「生者必滅の理 -死蝶-」　","亡舞「生者必灭之理 -毒蛾-」/亡舞「生者必滅の理 -毒蛾-」","亡舞「生者必灭之理 -魔境-」/亡舞「生者必滅の理 -魔境-」","华灵「Ghost Butterfly」（亡灵蝶）/華霊「ゴーストバタフライ」","华灵「Swallowtail Butterfly」（燕尾蝶）/華霊「スワローテイルバタフライ」","华灵「Deep-Rooted Butterfly」（执念蝶）/華霊「ディープルーティドバタフライ」","华灵「Butterfly Delusion」（蝶妄想）/華霊「バタフライディルージョン」","幽曲「埋骨于弘川 -伪灵-」/幽曲「リポジトリ?オブ?ヒロカワ -偽霊-」","幽曲「埋骨于弘川 -亡灵-」/幽曲「リポジトリ?オブ?ヒロカワ -亡霊-」","幽曲「埋骨于弘川 -幻灵-」/幽曲「リポジトリ?オブ?ヒロカワ -幻霊-」","幽曲「埋骨于弘川 -神灵-」/幽曲「リポジトリ?オブ?ヒロカワ -神霊-」","樱符「完全墨染的樱花 -封印-」/桜符「完全なる墨染の桜 -封印-」","樱符「完全墨染的樱花 -亡我-」/桜符「完全なる墨染の桜 -亡我-」","樱符「完全墨染的樱花 -春眠-」/桜符「完全なる墨染の桜 -春眠-」","樱符「完全墨染的樱花 -开花-」/桜符「完全なる墨染の桜 -開花-」","「反魂蝶 -一分咲-」/「反魂蝶 -一分咲-」","「反魂蝶 -三分咲-」/「反魂蝶 -参分咲-」","「反魂蝶 -五分咲-」/「反魂蝶 -伍分咲-」","「反魂蝶 -八分咲-」/「反魂蝶 -八分咲-」　","符之一「幽梦的蝴蝶」/符の壱「幽夢の胡蝶」","符之二「白玉楼的枝垂樱」/符の弐「白玉楼の垂れ彼岸」","符之三「遥远过去的死地」/符の参「果てしなく昔の死地」","樱花「依恋未酌宴」/桜花「未練未酌宴」","「紫色彼岸樱推迟绽放」/「紫(むらさき)の彼岸は遅れて輝く」","「西行寺无余涅槃」/「西行寺無余涅槃」","幽雅「通向黄泉的诱蛾灯」/幽雅「死出の誘蛾灯」","蝶符「凤蝶纹的死枪」/蝶符「鳳蝶紋の死槍」","死符「醉人之生，死的梦幻」/死符「酔人の生、死の夢幻」","「死蝶浮月」/「死蝶浮月」","幽符「冥界灵异点」/幽符「冥界ミステリースポット」","灵蝶「蝶之羽风暂留此世」/霊蝶「蝶の羽風生に暫く」","宴会「死后一切大团圆」/宴会「死して全て大団円」","符牒「死蝶之舞」/符牒「死蝶の舞」","符牒「死蝶之舞　- 樱花 -」/符牒「死蝶の舞　- 桜花 -」","幽蝶「Ghost Spot」（幽魂聚地）/幽蝶「ゴーストスポット」","幽蝶「Ghost Spot　- 樱花 -」（幽魂聚地　- 樱花 -）/幽蝶「ゴーストスポット　- 桜花 -」","冥符「常夜樱」/冥符「常夜桜」","樱符「西行樱吹雪」/桜符「西行桜吹雪」","樱符「樱吹雪地狱」/桜符「桜吹雪地獄」","蝶符「花蝶风月」/蝶符「花蝶風月」","樱花「樱吹雪花小町」/桜花「桜吹雪花小町」","妖花符「蝴蝶风暴阎魔笏」/妖花符「バタフライストーム閻魔笏」","风妖符「死蝶御柱」/風妖符「死蝶オンバシラ」","妖风符「土著蝶风暴」/妖風符「土着蝶ストーム」"
"八云蓝","式神「仙狐思念」/式神「仙狐思念」","式神「十二神将之宴」/式神「十二神将の宴」","式辉「狐狸妖怪激光」/式輝「狐狸妖怪レーザー」","式辉「迷人的四面楚歌」/式輝「四面楚歌チャーミング」","式辉「天狐公主 -Illusion-」/式輝「プリンセス天狐 -Illusion-」","式弹「Ultimate Buddhist」（最后的佛徒）/式弾「アルティメットブディスト」","式弹「Unilateral Contact」（片面接触）/式弾「ユーニラタルコンタクト」","式神「橙」/式神「橙」","「狐狗狸先生的契约」/「狐狗狸さんの契約」","幻神「饭纲权现降临」/幻神「飯綱権現降臨」","式神「前鬼后鬼的守护」/式神「前鬼後鬼の守護」","式神「凭依荼吉尼天」/式神「憑依荼吉尼天」","密符「大师的密传」/密符「御大師様の秘鍵」","行符「八千万块护摩」/行符「八千万枚護摩」","超人「飞翔役小角」/超人「飛翔役小角」"
"八云紫","结界「梦境与现实的诅咒」/結界「夢と現の呪」","结界「动与静的均衡」/結界「動と静の均衡」","结界「光明与黑暗的网目」/結界「光と闇の網目」","罔两「直球与曲球的梦乡」/罔両「ストレートとカーブの夢郷」","罔两「八云紫的神隐」/罔両「八雲紫の神隠し」","罔两「栖息于禅寺的妖蝶」/罔両「禅寺に棲む妖蝶」","魍魉「二重黑死蝶」/魍魎「二重黒死蝶」","式神「八云蓝」/式神「八雲藍」","「人类与妖怪的境界」/「人間と妖怪の境界」","结界「生与死的境界」/結界「生と死の境界」","紫奥义「弹幕结界」/紫奥義「弾幕結界」","符之一「四重结界」/符の壱「四重結界」　","符之二「八云卍伞」/符の弐「八雲卍傘」　","符之三「八云蓝」/符の参「八雲藍」　","外力「无限的超高速飞行体」/外力「無限の超高速飛行体」","幻想「第一类永动机」/幻想「第一種永久機関」","「深弹幕结界 -梦幻泡影-」/「深弾幕結界　-夢幻泡影-」","境符「色与空的境界」/境符「色と空の境界」","境符「波与粒的境界」/境符「波と粒の境界」","光弹「Doppler Effect」（多普勒效应）/光弾「ドップラーエフェクト」","捌器「将一切分成两个的东西」/捌器「全てを二つに捌く物」","幻巢「飞光虫之巢」/幻巣「飛光虫ネスト」","空饵「狂躁高速飞行物体」/空餌「狂躁高速飛行物体」","「八云之巢」/「八雲の巣」","「不可能弹幕结界」/「不可能弾幕結界」","「运钝根的捕物帐」/「運鈍根の捕物帖」","「凭坐 (主役) 的忧郁」/「 憑坐 (マスター) の憂鬱」","「完全凭依与梦想封印」/「完全憑依と夢想封印」","「凭坐 (主役) 与神灵 (下仆) 的境界」/「憑坐 (マスター) と神霊 (スレイブ) の境界」","贫符「Mischance Scatter」（厄运播撒）/貧符「ミスチャンススキャッター」","「最凶最恶的极贫不幸神」/「最凶最悪の極貧不幸神」　"
"伊吹萃香","符之一「投掷的天岩户」/符の壱「投擲の天岩戸」","符之二「坤轴的大鬼」/符の弐「坤軸の大鬼」","符之三「追傩返黑洞」/符の参「追儺返しブラックホール」","鬼火「超高密度磷祸术」/鬼火「超高密度燐禍術」","疎符「六里雾中」/疎符「六里霧中」","「百万鬼夜行」/「百万鬼夜行」","鬼气「蒙蒙迷雾」/鬼気「濛々迷霧」","「百万鬼夜行」/「百万鬼夜行」","吐息「小鬼的深呼吸」/吐息「小鬼の深呼吸」","火弹「地灵活性弹」/火弾「地霊活性弾」","鬼神「Missing Purple Power」（遗失的高贵之力）/鬼神「ミッシングパープルパワー」","鬼气「蒙蒙迷雾」/鬼気「濛々迷霧」","「百万同一鬼」/「百万同一鬼」","鬼符「豆粒大的针地狱」/鬼符「豆粒大の針地獄」","地狱「炼狱气息」/地獄「煉獄吐息」","鬼符「Missing Power」/鬼符「ミッシングパワー」","鬼群「Imp swarm」（小鬼成群）/鬼群「インプスウォーム」","鬼群「百鬼秃童」/鬼群「百鬼禿童」"
"莉格露·奈特巴格","萤符「地上的流星」/蛍符「地上の流星」","萤符「地上的彗星」/蛍符「地上の彗星」","灯符「Firefly Phenomenon」（萤光现象）/灯符「ファイヤフライフェノメノン」","蠢符「Little Bug」（小虫）/蠢符「リトルバグ」","蠢符「Little Bug Storm」（小虫风暴）/蠢符「リトルバグストーム」","蠢符「Night Bug Storm」（夜虫风暴）/蠢符「ナイトバグストーム」","蠢符「Night Bug Tornado」（夜虫龙卷）/蠢符「ナイトバグトルネード」","隐虫「永夜蛰居」/隠蟲「永夜蟄居」","「不合时令的蝶雨」/「季節外れのバタフライストーム」","萤符「地上的恒星」/蛍符「地上の恒星」","蝶符「Butterfly Storm」（蝴蝶风暴）/蝶符「バタフライストーム」"
"米斯蒂娅·萝蕾拉","声符「枭的夜鸣声」/声符「梟の夜鳴声」","声符「木菟的咆哮」/声符「木菟咆哮」","蛾符「天蛾的蛊道」/蛾符「天蛾の蠱道」","毒符「毒蛾的鳞粉」/毒符「毒蛾の鱗粉」","猛毒「毒蛾的黑暗演舞」/猛毒「毒蛾の暗闇演舞」","鹰符「Ill-Starred Dive」（祸延疾冲）/鷹符「イルスタードダイブ」","夜盲「夜雀之歌」/夜盲「夜雀の歌」","夜雀「午夜的合唱指挥」/夜雀「真夜中のコーラスマスター」","「Blind Night-Bird」（失明的夜雀）/「ブラインドナイトバード」"
"上白泽慧音","产灵「First Pyramid」（最初的金字塔）/産霊「ファーストピラミッド」","始符「Ephemerality 137」（短命的137）/始符「エフェメラリティ137」","野符「武烈的危机」/野符「武烈クライシス」","野符「将门的危机」/野符「将門クライシス」","野符「义满的危机」/野符「義満クライシス」","野符「GHQ的危机」/野符「GHQクライシス」","国符「三种神器　剑」/国符「三種の神器　剣」","国符「三种神器　玉」/国符「三種の神器　玉」","国符「三种神器　镜」/国符「三種の神器　鏡」","国体「三种神器　乡」/国体「三種の神器　郷」","终符「幻想天皇」/終符「幻想天皇」","虚史「幻想乡传说」/虚史「幻想郷伝説」","未来「高天原」/未来「高天原」","「日出国之天子」/「日出づる国の天子」","旧史「旧秘境史 -古代史-」/旧史「旧秘境史　-オールドヒストリー-」","转世「一条归桥」/転世「一条戻り橋」","新史「新幻想史 -现代史-」/新史「新幻想史　-ネクストヒストリー-」","「无何有的浄化」/「無何有浄化」","光符「天照」3/光符「アマテラス」","包符「昭和之雨」/包符「昭和の雨」","葵符「水户的光圀」4/葵符「水戸の光圀」","倭符「邪马台国」5/倭符「邪馬台の国」","「20XX年 死后之旅」/「２０ＸＸ年　死後の旅」","大火「江户之花」/大火「江戸のフラワー」"
"因幡天为（因幡帝）","「Ancient Duper」（远古的骗术）/「エンシェントデューパー」","脱兔「Fluster Escape」（狼狈逃脱）/脱兎「フラスターエスケープ」","借符「大穴牟迟大人的药」/借符「大穴牟遅様の薬」"
"铃仙·优昙华院·因幡","波符「赤眼催眠(Mind Shaker)」（心灵颤动）/波符「赤眼催眠(マインドシェイカー)」","幻波「赤眼催眠(Mind Blowing)」（心灵风暴）/幻波「赤眼催眠(マインドブローイング)」","狂符「幻视调律(Visionary Tuning)」（幻视调律）/狂符「幻視調律(ビジョナリチューニング)」","狂视「狂视调律(Illusion Seeker)」（幻觉追迹者）/狂視「狂視調律(イリュージョンシーカー)」　","懒符「生神停止(Idling Wave)」（惰性之波）/懶符「生神停止(アイドリングウェーブ)」　","懒惰「生神停止(Mind Stopper)」（心灵制止）/懶惰「生神停止(マインドストッパー)」","散符「真实之月(Invisible Full Moon)」（隐形满月）/散符「真実の月(インビジブルフルムーン)」　","月眼「月兔远隔催眠术(Tele-Mesmerism)」（远程催眠）/月眼「月兎遠隔催眠術(テレメスメリズム)」　","「幻胧月睨（Lunatic Red Eyes）」（疯狂红眼）/「幻朧月睨(ルナティックレッドアイズ)」　","散符「胧月花栞（Rocket in Mist）」（雾中火箭）/散符「朧月花栞（ロケット.イン.ミスト）」","波符「幻之月（Invisible Half Moon）」（隐形半月）/波符「幻の月（インビジブルハーフムーン）」","狂梦「疯狂的梦（Dream World）」（梦幻世界）/狂夢「風狂の夢（ドリームワールド）」","迫符「胁迫幻觉（Obsessioner）」（着魔之人）/迫符「脅迫幻覚(オブセッショナー)」","幻弹「幻想视差（Bluff Barrage）」（恐吓弹幕）/幻弾「幻想視差(ブラフバラージ)」","幻兔「平行交差（Parallel Cross）」（平行相交）/幻兎「平行交差(パラレルクロス)」","狂槌符「狂视幻象（Disorder Eye）也变大吧」（混乱之眼）/狂槌符「狂視幻像（ディスオーダーアイ）も大きくなあれ」","火狂符「人体燃烧秘匿弹幕（Burning Hidden Bullet）」（燃烧的秘匿弹幕）/火狂符「人体発火秘匿弾幕（バーニングヒドゥンバレット）」"
"八意永琳","天丸「壶中的天地」/天丸「壺中の天地」","觉神「神代的记忆」/覚神「神代の記憶」","神符「天人的族谱」/神符「天人の系譜」","苏活「生命游戏 -Life Game-」/蘇活「生命遊戯　-ライフゲーム-」","苏生「Rising Game」/蘇生「ライジングゲーム」","操神「Omoikane Device」（思兼装置）/操神「オモイカネディバイス」","神脑「Omoikane Brain」（思兼的头脑）/神脳「オモイカネブレイン」","天咒「Apollo 13」（阿波罗13）/天呪「アポロ１３」","秘术「天文密葬法」/秘術「天文密葬法」","禁药「蓬莱之药」/禁薬「蓬莱の薬」","药符「壶中的大银河」/薬符「壺中の大銀河」","「天网蛛网捕蝶之法」/「天網蜘網捕蝶の法」","药符「蝴蝶梦丸噩梦」1/薬符「胡蝶夢丸ナイトメア」","炼丹「水银之海」/練丹「水銀の海」","秘药「仙香玉兔」/秘薬「仙香玉兎」"
"蓬莱山辉夜","难题「龙颈之玉　-五色的弹丸-」/難題「龍の頸の玉　-五色の弾丸-」","神宝「Brilliant Dragon Bullet」（耀眼的龙玉）/神宝「ブリリアントドラゴンバレッタ」","难题「佛御石之钵　-不碎的意志-」/難題「仏の御石の鉢　-砕けぬ意思-」　","神宝「Buddhist Diamond」（佛体的金刚石）/神宝「ブディストダイアモンド」","难题「火鼠的皮衣　-不焦躁的内心-」/難題「火鼠の皮衣　-焦れぬ心-」","神宝「Salamander Shield」（火蜥蜴之盾）/神宝「サラマンダーシールド」","难题「燕的子安贝　-永命线-」/難題「燕の子安貝　-永命線-」","神宝「Life Spring Infinity」（无限的生命之泉）/神宝「ライフスプリングインフィニティ」","难题「蓬莱的弹枝　-七色的弹幕-」/難題「蓬莱の弾の枝　-虹色の弾幕-」","神宝「蓬莱的玉枝　-梦色之乡-」/神宝「蓬莱の玉の枝　-夢色の郷-」","「永夜归返　-初月-」/「永夜返し　-初月-」","「永夜归返　-新月-」/「永夜返し　-三日月-」","「永夜归返　-上弦月-」/「永夜返し　-上つ弓張-」","「永夜归返　-待宵-」/「永夜返し　-待宵-」","「永夜归返　-子之刻-」/「永夜返し　-子の刻-」","「永夜归返　-子时二刻-」/「永夜返し　-子の二つ-」","「永夜归返　-子时三刻-」/「永夜返し　-子の三つ-」","「永夜归返　-子时四刻-」/「永夜返し　-子の四つ-」","「永夜归返　-丑之刻-」/「永夜返し　-丑の刻-」","「永夜归返　-丑时二刻-」/「永夜返し　-丑の二つ-」","「永夜归返　-丑时三刻-」/「永夜返し　-丑三つ時-」","「永夜归返　-丑时四刻-」/「永夜返し　-丑の四つ-」","「永夜归返　-寅之刻-」/「永夜返し　-寅の刻-」","「永夜归返　-寅时二刻-」/「永夜返し　-寅の二つ-」","「永夜归返　-寅时三刻-」/「永夜返し　-寅の三つ-」","「永夜归返　-寅时四刻-」/「永夜返し　-寅の四つ-」","「永夜归返　-朝霭-」/「永夜返し　-朝靄-」","「永夜归返　-拂晓-」/「永夜返し　-夜明け-」","「永夜归返　-破晓明星-」/「永夜返し　-明けの明星-」","「永夜归返　-世间开明-」/「永夜返し　-世明け-」","「蓬莱的树海」/「蓬莱の樹海」","新难题「月的钛铁矿」/新難題「月のイルメナイト」","新难题「艾哲红石」2/新難題「エイジャの赤石」","新难题「金阁寺的整块天花板」3/新難題「金閣寺の一枚天井」","新难题「Mysterium」4/新難題「ミステリウム」"
"藤原妹红","时效「月岩笠的诅咒」/时効「月のいはかさの呪い」","不死「火鸟　-凤翼天翔-」/不死「火の鳥　-鳳翼天翔-」","藤原「灭罪寺院伤」/藤原「滅罪寺院傷」","不死「徐福时空」/不死「徐福时空」","灭罪「正直者之死」/滅罪「正直者の死」","虚人「无」/虚人「ウー」","不灭「不死鸟之尾」/不滅「フェニックスの尾」","蓬莱「凯风快晴　-Fujiyama Volcano-」/蓬莱「凱風快晴　-フジヤマヴォルケイノ-」","「Possessed by Phoenix」（不死鸟附体）/「パゼストバイフェニックス」","「蓬莱人形」/「蓬莱人形」","「Imperishable Shooting」（不朽的弹幕）/「インペリシャブルシューティング」","「不死鸟重生」/「フェニックス再誕」","贵人「圣日耳曼的忠告」2/貴人「サンジェルマンの忠告」","蓬莱「瑞江浦岛子与五色的瑞龟」3/蓬莱「瑞江浦嶋子と五色の瑞亀」","惜命「不死之身的舍身击」/惜命「不死身の捨て身」","「火鸟　‐不死传说‐」/「火の鳥　‐不死伝説‐」","「Resurrection」（复活）/「リザレクション」","炎符「不死鸟的超高温羽毛」/炎符「フェニックスの超高温な羽」","＊凯风晴天快晴脚＊/＊凱風晴天快晴脚＊","炎符「不死鸟之羽」/炎符「フェニックスの羽」","爪符「Desperate Claw」（绝望之爪）/爪符「デスパレートクロー」","惜命「不死之身的舍身击」/惜命「不死身の捨て身」","「这不知是第几次的生命，燃烧殆尽吧」/「この何度目かの命、燃え尽きるまで」","化火符「妖怪弹幕变化 叶叶烨烨」/化火符「妖怪弾幕変化　葉っぱ発破」","火狂符「人体燃烧秘匿弹幕（Burning Hidden Bullet）」（燃烧的秘匿弹幕）/火狂符「人体発火秘匿弾幕（バーニングヒドゥンバレット）」","「这不知是第几次的生命，梦想封印吧」/「この何度目かの命、夢想封印されるまで」"
"射命丸文","岐符「天之八衢」/岐符「天の八衢」","岐符「猿田彦神之岔路」/岐符「サルタクロス」","风神「风神木叶隐身术」/風神「風神木の葉隠れ」","风神「天狗颪」/風神「天狗颪」","风神「二百十日」/風神「二百十日」","「幻想风靡」/「幻想風靡」","「无双风神」/「無双風神」","塞符「山神渡御」/塞符「山神渡御」","塞符「天孙降临」/塞符「天孫降臨」","塞符「天上天下的照国」/塞符「天上天下の照國」","突风「猿田彦的先导」/突風「猿田彦の先導」","旋符「飘妖扇」/旋符「飄妖扇」","旋风「鸟居旋风」/旋風「鳥居つむじ風」","「幻想风靡」/「幻想風靡」","取材「射命丸文的暴力取材」/取材「射命丸文の圧迫取材」","望远「Candid Shot」/望遠「キャンディッドショット」","抓拍「Fast Shot」/速写「ファストショット」","「幻想风靡」/「幻想風靡」","写真「激摄天狗独家新闻」/写真「激撮テングスクープ」","「瞬摄新闻工作者」/「瞬撮ジャーナリスト」"
"梅蒂欣·梅兰可莉","雾符「Gassing Garden」（毒气花园）/霧符「ガシングガーデン」","毒符「Poison Breath」（猛毒气息）/毒符「ポイズンブレス」","谵妄「Into Delirium」（进入疯狂）/譫妄「イントゥデリリウム」"
"风见幽香","花符「幻想乡的开花」/花符「幻想郷の開花」","幻想「花鸟风月，啸风弄月」/幻想「花鳥風月、嘯風弄月」"
"小野塚小町","死歌「八重雾中渡」/死歌「八重霧の渡し」","古雨「黄泉中有旅途之雨」/古雨「黄泉中有の旅の雨」","死价「Price of Life」（生命的价值）/死価「プライス.オブ.ライフ」","灵符「古老的地缚灵之复苏」/霊符「古き地縛霊の目覚め」","死符「区别死者的镰刀」/死符「死者選別の鎌」","魂符「魂之游戏」/魂符「魂の遊戯」"
"四季映姬·夜摩仙那度","谎言「Tongue of Wolf」（狼之舌）/嘘言「タン?オブ?ウルフ」","审判「十王审判」/審判「十王裁判」","审判「Guilty or Not Guilty」（有罪或无罪）/審判「ギルティ.オア.ノットギルティ」","审判「净颇梨审判 -射命丸文-」/審判「浄頗梨審判 -射命丸文-」","妖花符「蝴蝶风暴阎魔笏」/妖花符「バタフライストーム閻魔笏」","风花符「御射军神大人的是非」/風花符「ミシャグジ様の是非」","风花符「御柱裁判」/風花符「オンバシラ裁判」"
"秋静叶","叶符「纷乱的落叶」/葉符「狂いの落葉」","秋符「Fall in Blast」/秋符「フォーリンブラスト」","枯道「Lost Windrow」/枯道「ロストウィンドロウ」"
"秋穰子","秋符「Autumn Sky」（秋季的天空）/秋符「オータムスカイ」","秋符「无常秋日与少女的心」/秋符「秋の空と乙女の心」","丰符「Otoshi Harvester」（大年收获者）/豊符「オヲトシハーベスター」","丰收「谷物神的允诺」/豊作「穀物神の約束」","实符「Warm Color Harvest」（暖色的收获）/実符「ウォームカラーハーヴェスト」","烧芋「Sweet Potato Room」（甜美的番薯房）/焼芋「スイートポテトルーム」"
"键山雏","厄符「Bad Fortune」（厄运）/厄符「バッドフォーチュン」","厄符「厄神大人的生理节律」/厄符「厄神様のバイオリズム」","疵符「Broken Amulet」（破裂的护符）/疵符「ブロークンアミュレット」","疵痕「损坏的护符」/疵痕「壊されたお守り」","恶灵「Misfortune's Wheel」（厄运之轮）/悪霊「ミスフォーチュンズホイール」","悲运「大钟婆之火」/悲運「大鐘婆の火」","创符「Pain Flow」（痛苦之流）/創符「ペインフロー」","创符「流放人偶」/創符「流刑人形」","厄野「禊川的沉积」/厄野「禊川の堆積」","灾祸「诅咒的雏人偶」/災禍「呪いの雛人形」"
"河城荷取","光学「Optical Camouflage」（光学迷彩）/光学「オプティカルカモフラージュ」","光学「Hydro-Camouflage」（水迷彩）/光学「ハイドロカモフラージュ」","洪水「Ooze Flooding」（泥浆泛滥）/洪水「ウーズフラッディング」","洪水「Diluvial Mare」（冲积梦魇）/洪水「デリューヴィアルメア」","漂溺「粼粼水底之心伤」/漂溺「光り輝く水底のトラウマ」","水符「河童之河口浪潮」/水符「河童のポロロッカ」","水符「河童之山洪暴发」/水符「河童のフラッシュフラッド」","水符「河童之幻想大瀑布」/水符「河童の幻想大瀑布」","河童「妖怪黄瓜」/河童「お化けキューカンバー」","河童「延展手臂」/河童「のびーるアーム」","河童「Spin the Cephalic Plate」（回转顶板）/河童「スピン·ザ·セファリックプレート」","水符「Water Carpet」（水色绒毯）/水符「ウォーターカーペット」","河符「Dividing Edge」（离断的棱边）/河符「ディバイディングエッジ」","河童「干燥尻子玉」/河童「乾燥尻子玉」","水符「夏天的塑料瓶火箭」/水符「夏のペットボトルロケット」","妖怪战舰「三平战机」/妖怪戦艦「三平ファイター」","瀑符「Shiraito Fall」（白丝瀑布）/瀑符「シライトフォール」","瀑符「Kegon Gun」（华严枪）/瀑符「ケゴンガン」","＊尼西的完全养殖技术＊/＊ネッシーの完全養殖技術＊","水面符「水泡弹假面舞会」/水面符「ミズバクマスカレード」","拳水符「入道丛云水泡弹拳」/拳水符「入道叢雲ミズバク拳」"
"犬走椛","狗符「Rabies Bite」（狂犬断噬）/狗符「レイビーズバイト」","山窝「Expellees' Canaan」（遭放逐者的约定之地）/山窝「エクスペリーズカナン」","牙符「咀嚼玩味」/牙符「咀嚼玩味」"
"东风谷早苗","秘术「Gray Thaumaturgy」（灰色奇术）/秘術「グレイソーマタージ」","秘术「遗忘之祭仪」/秘術「忘却の祭儀」","秘术「一脉单传之弹幕」/秘術「一子相伝の弾幕」","奇迹「白昼的客星」/奇跡「白昼の客星」","奇迹「客星璀璨之夜」/奇跡「客星の明るい夜」","奇迹「客星辉煌之夜」/奇跡「客星の明るすぎる夜」","开海「海水分开之日」/開海「海が割れる日」","开海「摩西之奇迹」/開海「モーゼの奇跡」","准备「呼唤神风的星之仪式」/準備「神風を喚ぶ星の儀式」","准备「Summon Takeminakata」（召请建御名方神）/準備「サモンタケミナカタ」","奇迹「神之风」/奇跡「神の風」","大奇迹「八坂之神风」/大奇跡「八坂の神風」","秘法「九字切」/秘法「九字刺し」","奇迹「Miracle Fruit」（神秘果）/奇跡「ミラクルフルーツ」","神德「五谷丰穰米之浴」/神徳「五穀豊穣ライスシャワー」","蛇符「云泳大蛇」/蛇符「雲を泳ぐ大蛇」","奇迹「空中落物的奇迹」/奇跡「ファフロッキーズの奇跡」","奇迹「弘安的神风」/奇迹「弘安の神风」","蛙符「操纵蛤蟆」/蛙符「手管の虾蟇」","妖怪退治「妖力掠夺者」/妖怪退治「妖力スポイラー」","蛇符「Bind Snake Come On」（上吧缠蛇）/蛇符「バインドスネークカモン」","蛇符「Green Snake Come On」（上吧绿蛇）/蛇符「グリーンスネークカモン」"
"八坂神奈子","神祭「Expanded Onbashira」（扩展御柱）/神祭「エクスパンデッド·オンバシラ」","奇祭「目处梃子乱舞」/奇祭「目処梃子乱舞」","筒粥「神之粥」/筒粥「神の粥」","忘谷「Unremembered Crop」（遗忘之谷）/忘穀「アンリメンバードクロップ」","神谷「Divining Crop」（神灵之谷）/神穀「ディバイニングクロップ」","贽符「御射山御狩神事」/贄符「御射山御狩神事」","神秘「葛井之清水」/神秘「葛井の清水」","神秘「Yamato Torus」（大和环面）/神秘「ヤマトトーラス」","天流「天水奇迹」/天流「お天水の奇跡」","天龙「雨之源泉」/天竜「雨の源泉」","「Mountain of Faith」（信仰之山）/「マウンテン·オブ·フェイス」","「风神之神德」/「風神様の神徳」","神符「如水眼之美丽源泉」/神符「水眼の如き美しき源泉」","神符「结于杉木之古缘」/神符「杉で結ぶ古き縁」","神符「神所踏足之御神渡」/神符「神が歩かれた御神渡り」","蛇符「Ground Serpent」（伏地的巨蛇星）/蛇符「グラウンドサーペント」","御柱「Meteoric Onbashira」（流星般的御柱）/御柱「メテオリックオンバシラ」","儚道「御神渡路口」/儚道「御神渡りクロス」","御柱「Rising Onbashira」（上升御柱）/御柱「ライジングオンバシラ」","「神明的威光」/「神の御威光」","风神符「御射军神柱」/風神符「ミシャバシラ」","风妖符「死蝶御柱」/風妖符「死蝶オンバシラ」","风花符「御柱裁判」/風花符「オンバシラ裁判」"
"洩矢诹访子","开宴「二拜二拍一拜」/開宴「二拝二拍一拝」","土著神「手长足长大人」/土着神「手長足長さま」","神具「洩矢的铁轮」/神具「洩矢の鉄の輪」","源符「厌川的翡翠」/源符「厭い川の翡翠」","蛙狩「蛙以口鸣，方致蛇祸」/蛙狩「蛙は口ゆえ蛇に呑まるる」","土著神「七石七木」/土着神「七つの石と七つの木」","土著神「小小青蛙不输风雨」/土着神「ケロちゃん風雨に負けず」","土著神「宝永四年的赤蛙」/土着神「宝永四年の赤蛙」","「诹访大战 ～ 土著神话 vs 中央神话」/「諏訪大戦 ～ 土着神話 vs 中央神話」","祟符「洩矢大人」/祟符「ミシャグジさま」","合掌「大太法师的参拜」/合掌「だいだらぼっちの参拝」","神具「洩矢的铁轮」/神具「洩矢の鉄の轮」","「炽如地狱的间歇泉」/「狱热の间欠泉」","「岩浆的两栖类」/「マグマの両生类」","「幻想乡空中神战」6/「幻想郷空中神戦」","神樱「湛樱花吹雪」/神桜「湛えの桜吹雪」","姬川「Princess Jade Green」（姬川的翡翠）/姫川「プリンセスジェイドグリーン」","铁轮「Mythical Ring」（神谕之环）/鉄轮「ミシカルリング」","土地神「御射军神大人」/土着神「御射军神さま」","绿石「Jade Break」（翡翠破碎）/緑石「ジェイドブレイク」","蛙符「涂有鲜血的赤蛙塚」/蛙符「血塗られた赤蛙塚」","风神符「御射军神柱」/風神符「ミシャバシラ」","风花符「御射军神大人的是非」/風花符「ミシャグジ様の是非」","妖风符「土著蝶风暴」/妖風符「土着蝶ストーム」"
"永江衣玖","光玉「闪光之龙眼」/光珠「龍の光る眼」","雷符「神鸣者的住处」/雷符「神鳴り様の住処」","棘符「雷云棘鱼」/棘符「雷雲棘魚」","云界「玄云海的雷庭」/雲界「玄雲海の雷庭」","雷符「Lightning Fish」（鱼泳雷鸣）/雷符「ライトニングフィッシュ」","珠符「五爪龙之珠」/珠符「五爪龍の珠」","龙宫「鲷和比目鱼的舞蹈」/龍宮「タイヤヒラメダンス」","龙鱼「龙宫使的游泳弹」/龍魚「龍宮の使い遊泳弾」"
"比那名居天子","要石「天空之灵石」/要石「天空の霊石」","乾坤「粗暴而又像母亲般的大地啊」/乾坤「荒々しくも母なる大地よ」","灵想「镇守大地之石」/霊想「大地を镇める石」","天地「俯瞰世界的遥远的大地啊」/天地「世界を見下ろす遥かなる大地よ」","「全人类的绯想天」/「全人類の緋想天」","气性「勇气凛凛之剑」/気性「勇気凛々の剣」","地震「避难险路」/地震「避難険路」","要石「要石浮游炮」/要石「カナメファンネル」","「全人类的绯想天」/「全人類の緋想天」","「全妖怪的绯想天」/「全妖怪の緋想天」","「鹿岛镇护」/「鹿島鎮護」","升槌符「载着我们的梦变大吧」/昇槌符「僕らの夢を載せて大きくなあれ」","坠槌符「梦坠入大气圈变大吧」/墜槌符「夢は大気圏に墜ちて大きくなあれ」","「全小人族的绯想天」/「全小人族の緋想天」","梦要符「羊毛色的乾坤一掷」/夢要符「羊毛色の乾坤一擲」","升符「飞向遥远的宇宙吧！ 载着我们的梦想」/昇符「遥か宙まで飛べ！　僕らの夢を載せて」","坠符「落入大气圈，梦想倾泻地表」/墜符「大気圏に落ちて、夢は地表に降り注ぐ」","「把大地重塑成，有梦的世界吧！」/「大地を造り直そう、夢のある世界へ！」","「巨型战舰 无双大鲶鱼参见」/「ヒュージバトルシップ　無双ナマズ見参」","「全宇宙人的绯想天」/「全スペースピープルの緋想天」"
"琪斯美","怪奇「钓瓶落之怪」/怪奇「釣瓶落としの怪」","钓瓶「飞入井中」/釣瓶「飛んで井の中」","钓瓶「Well Destructor」（井下的毁灭者）/釣瓶「ウェルディストラクター」"
"黑谷山女","罠符「Capture Web」（捕捉之网）/罠符「キャプチャーウェブ」","蜘蛛「石窟的蜘蛛巢」/蜘蛛「石窟の蜘蛛の巣」","瘴符「Field Miasma」（瘴气场）/瘴符「フィルドミアズマ」","瘴气「原因不明的热病」/瘴気「原因不明の熱病」","细网「犍陀多绳索」/細綱「カンダタロープ」","毒符「桦黄小町」/毒符「樺黄小町」"
"水桥帕露西","妒符「Green-Eyed Monster」（绿眼怪兽）/妬符「グリーンアイドモンスター」","嫉妒「看不见的绿眼怪兽」/嫉妬「緑色の目をした見えない怪物」　","开花爷爷「对华丽的仁者之嫉妒」/花咲爺「華やかなる仁者への嫉妬」","开花爷爷「小白的灰烬」/花咲爺「シロの灰」","剪舌麻雀「对谦虚的富者之记恨」/舌切雀「謙虚なる富者への片恨」","剪舌麻雀「大葛笼与小葛笼」/舌切雀「大きな葛籠と小さな葛籠」　","恨符「丑时参拜」/恨符「丑の刻参り」　","恨符「丑时参拜第七日」/恨符「丑の刻参り七日目」","嫉妒「Jealousy Bomber」（嫉妒爆发）/嫉妬「ジェラシーボンバー」","怨恨念法「积怨返」/怨み念法「積怨返し」"
"星熊勇仪","鬼符「怪力乱神」/鬼符「怪力乱神」","怪轮「地狱之苦轮」/怪輪「地獄の苦輪」","枷符「罪人不释之枷」/枷符「咎人の外さぬ枷」","力业「大江山岚」/力業「大江山嵐」","力业「大江山颪」/力業「大江山颪」","四天王奥义「三步必杀」/四天王奥義「三歩必殺」","光鬼「金刚螺旋」/光鬼「金剛螺旋」","鬼符「鬼气狂澜」/鬼符「鬼気狂瀾」","鬼声「毁灭之咆哮」/鬼声「壊滅の咆哮」","涌泉「热鬼掘削击」/湧泉「熱鬼掘削撃」","怨泉「极乐温泉地狱」/怨泉「極楽温泉地獄」"
"古明地觉","回忆「Terrible Souvenir」（恐怖的回忆）/想起「テリブルスーヴニール」","回忆「恐怖催眠术」/想起「恐怖催眠術」　","回忆「二重黑死蝶」/想起「二重黒死蝶」","回忆「飞行虫之巢」/想起「飛行虫ネスト」　","回忆「波与粒的境界」/想起「波と粒の境界」","回忆「户隐山之投」/想起「戸隠山投げ」","回忆「百万鬼夜行」/想起「百万鬼夜行」","回忆「蒙蒙迷雾」/想起「濛々迷霧」","回忆「风神木叶隐身术」/想起「風神木の葉隠れ」　","回忆「天狗巨暴流」/想起「天狗のマクロバースト」","回忆「鸟居旋风」/想起「鳥居つむじ風」","回忆「春之京都人偶」/想起「春の京人形」","回忆「Straw Doll Kamikaze」（稻草人偶敢死队）/想起「ストロードールカミカゼ」","回忆「Return Inanimateness」（回归虚无）/想起「リターンイナニメトネス」","回忆「Mercury Poison」（水银之毒）/想起「マーキュリポイズン」","回忆「Princess Undine」（水精公主）/想起「プリンセスウンディネ」","回忆「贤者之石」/想起「賢者の石」　","回忆「延展手臂」/想起「のびーるアーム」","回忆「河童之河口浪潮」/想起「河童のポロロッカ」","回忆「粼粼水底之心伤」/想起「光り輝く水底のトラウマ」","脑符「Brain Fingerprint」（脑指纹测谎法）/脳符「ブレインフィンガープリント」","心花「Camera-Shy Rose」（厌于留影的羞涩蔷薇）/心花「カメラシャイローズ」","回忆「朦胧记忆中的金阁寺」/想起「うろおぼえの金閣寺」"
"火焰猫燐","猫符「Cat's Walk」/猫符「キャッツウォーク」","猫符「怨灵猫乱步」/猫符「怨霊猫乱歩」","咒精「Zombie Fairy」（僵尸妖精）/呪精「ゾンビフェアリー」","咒精「怨灵凭依妖精」/呪精「怨霊憑依妖精」","恨灵「Spleen Eater」（脾脏蛀食者）/恨霊「スプリーンイーター」","尸灵「食人怨灵」/屍霊「食人怨霊」","赎罪「旧地狱的针山」/贖罪「旧地獄の針山」　","赎罪「古时之针与痛楚的怨灵」/贖罪「昔時の針と痛がる怨霊」","「死灰复燃」/「死灰復燃」","「小恶灵复活」/「小悪霊復活せし」","妖怪「火焰的车轮」/妖怪「火焔の車輪」","死符「Ghost Town」/死符「ゴーストタウン」","「尸体繁华街」/「死体繁华街」","醉步「Cat Random Walk」/酔歩「キャットランダムウォーク」"
"灵乌路空","核热「Nuclear Fusion」（核聚变）/核熱「ニュークリアフュージョン」","核热「Nuclear Excursion」（核功率骤增）/核熱「ニュークリアエクスカーション」","核热「核反应失控」/核熱「核反応制御不能」","爆符「Petit Flare」（小型耀斑）/爆符「プチフレア」","爆符「Mega-Flare」（百万耀斑）/爆符「メガフレア」","爆符「Giga-Flare」（十亿耀斑）/爆符「ギガフレア」","爆符「Peta-Flare」（千兆耀斑）/爆符「ぺタフレア」","焰星「Fixed Star」（恒星）/焔星「フィクストスター」","焰星「Planetary Revolution」（行星公转）/焔星「プラネタリーレボリューション」","焰星「十凶星」/焔星「十凶星」","「地狱极乐熔毁」/「地獄極楽メルトダウン」","「Hell's Tokamak」（地狱的托卡马克装置）/「ヘルズトカマク」","「地狱的人造太阳」/「地獄の人工太陽」","「Subterranean Sun」（地底太阳）/「サブタレイニアンサン」　","热符「Break Prominence」（破碎日珥）/熱符「ブレイクプロミネンス」","核热「核反应失控疾冲」/核熱「核反応制御不能ダイブ」","「热木星降落模型」/「ホットジュピター落下モデル」","核热「人工太阳的黑子」/核熱「人工太陽の黒点」","熔解「Melting White」（消熔的纯白）/熔解「メルティングホワイト」","巨星「Red Giant」（红巨星）/巨星「レッドジャイアント」","星符「巨星陨落」/星符「巨星墜つ」","七星「Septentrion」（北斗星辰）/七星「セプテントリオン」"
"古明地恋","表象「列祖列宗入梦来」/表象「夢枕にご先祖総立ち」","表象「弹幕偏执症」/表象「弾幕パラノイア」","本能「本我的解放」/本能「イドの解放」","抑制「Super Ego」（超我）/抑制「スーパーエゴ」","反应「妖怪测谎机」/反応「妖怪ポリグラフ」","无意识「弹幕的墨迹测验」/無意識「弾幕のロールシャッハ」","复燃「恋爱的埋火」/復燃「恋の埋火」","深层「无意识的基因」/深層「無意識の遺伝子」","「被厌恶者的哲学」/「嫌われ者のフィロソフィ」","「Subterranean Rose」（地底蔷薇）/「サブタレイニアンローズ」","心符「没我之爱」/心符「没我の愛」","记忆「DNA的瑕疵」/記憶「ＤＮＡの瑕」","「胎儿之梦」/「胎児の梦」","「蔷薇地狱」/「ローズ地狱」","本能「Freudian」（弗洛伊德学说）/本能「フロウディアン」","茨符「Confined Innocent」（狭隘的天真）/茨符「コンファインドイノセント」","＊被诅咒的响一声电话＊/＊呪われたワン切り電話＊","星恋符「Sprinkle Star & Heart」（星星心心洒）/星恋符「スプリンクルスター＆ハート」","恋拳符「玫瑰狂想曲怪云拳」/恋拳符「ローズカプリチオ怪雲拳」","槌恋符「大判小判叮叮当心」/槌恋符「大判小判ザックザクハート」","地妖符「本我的式神」/地妖符「イドの式神」","「Perfect Mind Control」/「パーフェクトマインドコントロール」","地灵符「Mind Stellar Relief」/地霊符「マインドステラリリーフ」"
"娜兹玲","棒符「Busy Rod」（忙碌探知棒）/棒符「ビジーロッド」","搜符「Rare Metal Detector」（稀有金属探测器）/捜符「レアメタルディテクター」","搜符「Gold Detector」（黄金探测器）/捜符「ゴールドディテクター」","视符「Nazrin Pendulum」（娜兹玲灵摆）/視符「ナズーリンペンデュラム」","视符「高感度Nazrin Pendulum」（高感度娜兹玲灵摆）/視符「高感度ナズーリンペンデュラム」","守符「Pendulum Guard」（灵摆防御）/守符「ペンデュラムガード」","宝塔「Greatest Treasure」（最优良的宝物）/宝塔「グレイテストトレジャー」","棒符「Nazrin Rod」（娜兹玲探宝棒）/棒符「ナズーリンロッド」","财宝「Gold Rush」/財宝「ゴールドラッシュ」"
"多多良小伞","大轮「唐伞光晕」/大輪「からかさ後光」","大轮「Hello,Forgotten World」/大輪「ハロウフォゴットンワールド」","伞符「Parasol Star Symphony」（雨伞的星之交响）/傘符「パラソルスターシンフォニー」","伞符「Parasol Star Memories」（雨伞的星之追忆）/傘符「パラソルスターメモリーズ」","雨符「雨夜怪谈」/雨符「雨夜の怪談」","雨伞「超防水干爽伞妖」/雨傘「超撥水かさかさお化け」","化符「遗忘之伞的夜行列车」/化符「忘れ傘の夜行列車」","化铁「备用伞特急夜晚狂欢号」/化鉄「置き傘特急ナイトカーニバル」","伞符「大颗的泪雨」/伞符「大粒の涙雨」","惊雨「台风骤雨」/驚雨「ゲリラ台風」","光晕「唐伞惊吓闪光」/後光「からかさ驚きフラッシュ」","伞符「单脚投手返」/傘符「一本足ピッチャー返し」","虹符「Over the Rainbow」（飞跃彩虹）/虹符「オーバー?ザ?レインボー」","伞符「细雪的过客」/傘符「細雪の過客」","虹符「Umbrella Cyclone」（雨伞风暴）/虹符「アンブレラサイクロン」","雨洞「Raining Cave」/雨洞「レイニーケイブ」","水炮「Groundwater Stream」/水砲「グラウンドウォーターストリーム」"
"云居一轮","拳符「愤怒的大云块」/拳符「怒りの大雲塊」","入道「夏之幻想太郎」/入道「夏の幻想太郎」","恶符「八丈高的灵异柱」/悪符「八丈のオカルト柱」","＊被谜之女子囚禁的仲夏之夜＊/＊謎の女に囚われた真夏の夜＊","拳风符「入道丛云风水拳」/拳風符「入道叢雲風水拳」","拳星符「入道丛云Slave Spark」（入道丛云下仆火花）/拳星符「入道叢雲スレイブスパーク」","击拳符「韦驮天的怪云拳」/撃拳符「スカンダの怪雲拳」","恋拳符「玫瑰狂想曲怪云拳」/恋拳符「ローズカプリチオ怪雲拳」","光拳符「因陀罗的金刚杵怪云拳」/光拳符「インドラのヴァジュラ怪雲拳」","拳水符「入道丛云水泡弹拳」/拳水符「入道叢雲ミズバク拳」"
"村纱水蜜","倾覆「同路人之锚」/転覆「道連れアンカー」","倾覆「沉没之锚」/転覆「沈没アンカー」","倾覆「击沉之锚」/転覆「撃沈アンカー」","溺符「Deep Vortex」（深海漩涡）/溺符「ディープヴォーテックス」","溺符「Sinkable Vortex」（沉底漩涡）/溺符「シンカブルヴォーテックス」","港符「Phantom Ship Harbor」（幽灵船之泊）/湊符「ファントムシップハーバー」","港符「幽灵船之港」/湊符「幽霊船の港」","港符「幽灵船永久停泊」/湊符「幽霊船永久停泊」","幽灵「Sinker Ghost」/幽霊「シンカーゴースト」","幽灵「悄然袭来的长勺」/幽霊「忍び寄る柄杓」","锚符「幽灵船长期停泊」/錨符「幽霊船長期停泊」","浸水「船底的维纳斯」/浸水「船底のヴィーナス」","「Deep Sinker」/「ディープシンカー」"
"寅丸星","宝塔「Radiant Treasure」（光辉之宝）/宝塔「レイディアントトレジャー」","宝塔「Radiant Treasure Gun」（光辉宝枪）/宝塔「レイディアントトレジャーガン」","光符「Absolute Justice」（绝对正义）/光符「アブソリュートジャスティス」","光符「正义之威光」/光符「正義の威光」","法力「至宝之独钴杵」/法力「至宝の独鈷杵」","法灯「无瑕佛法之独钴杵」/法灯「隙間無い法の独鈷杵」","光符「净化之魔」/光符「浄化の魔」","「Complete Clarification」（完全净化）/「コンプリートクラリフィケイション」","寅符「Hungry Tiger」（饿虎）/寅符「ハングリータイガー」","天符「焦土曼荼罗」/天符「焦土曼荼羅」","宝符「黄金的震眩」/宝符「黄金の震眩」"
"圣白莲","魔法「紫云之兆」/魔法「紫雲のオーメン」","吉兆「紫色云路」/吉兆「紫の雲路」","吉兆「极乐的紫色云路」/吉兆「極楽の紫の雲路」","魔法「魔界蝶之妖香」/魔法「魔界蝶の妖香」","魔法「Magic Butterfly」（魔法之蝶）/魔法「マジックバタフライ」","光魔「Star Maelstrom」（星辰之涡）/光魔「スターメイルシュトロム」","光魔「魔法银河系」/光魔「魔法銀河系」","大魔法「魔神复诵」/大魔法「魔神復誦」","「圣尼公之大空卷轴」/「聖尼公のエア巻物」","超人「圣白莲」/超人「聖白蓮」","飞钵「Flying Fantastica」（幻想的飞行）/飛鉢「フライングファンタスティカ」","飞钵「传说的飞空圆盘」/飛鉢「伝説の飛空円盤」","「游行圣」/「遊行聖」","习合「垂迹大日如来」/習合「垂迹大日如来」","「星之剑护法」/「スターソードの護法」","杵符「金刚手菩萨的咒文」/杵符「ヴァジュラパーニの呪文」","超人「迦楼罗之翼」/超人「ガルーダの翼」","「黑天的束缚」/「ハリの制縛」","「梵天之瞳」/「ブラフマーの瞳」","超音速「老妇人的冲刺」/超音速「老婆のスプリント」","＊高速路涡轮空中转向＊/＊ハイウェイターボエアターン＊","＊涡轮老太婆走死走爱＊/＊ターボババァ走死走愛＊","光符「因陀罗的金刚杵」/光符「インドラのヴァジュラ」","超人「圣白莲」/超人「聖白蓮」","超人「大追踪！Buddhist Rider」（僧侣骑士）/超人「大追跡！ブディストライダー」","光击符「引导着你的王道的金刚杵射击」/光撃符「君を導く王道のヴァジュラシュート」","击拳符「韦驮天的怪云拳」/撃拳符「スカンダの怪雲拳」","击光符「韦驮天的王道威光」/撃光符「スカンダの王道の威光」","蹴斩符「迦楼罗的圣德斩」/蹴斬符「ガルーダの聖德斬」","光仙符「日出之国的僧侣和道士」/光仙符「日出ずる国の僧侶と道士」","光拳符「因陀罗的金刚杵怪云拳」/光拳符「インドラのヴァジュラ怪雲拳」","击符「被韦驮天追逐的正梦」/撃符「スカンダに追われる正夢」","星神符「十七条的超人」/星神符「十七条の超人」","红星符「超人血刀」/紅星符「超人ブラッディナイフ」","红星符「超人大灾变行脚」/紅星符「超人カタストロフ行脚」"
"封兽鵺","妖云「平安时代的黑云」/妖雲「平安のダーククラウド」","真相不明「愤怒的红色UFO袭来」/正体不明「忿怒のレッドUFO襲来」","鵺符「鵺的蛇行表演」/鵺符「鵺的スネークショー」","真相不明「哀愁的蓝色UFO袭来」/正体不明「哀愁のブルーUFO襲来」","鵺符「弹幕奇美拉」/鵺符「弾幕キメラ」","真相不明「忠义的绿色UFO袭来」/正体不明「義心のグリーンUFO襲来」","鵺符「Undefined Darkness」（真相不明的黑暗）/鵺符「アンディファインドダークネス」","真相不明「恐怖的虹色UFO袭来」/正体不明「恐怖の虹色ＵＦＯ襲来」","「平安京的恶梦」/「平安京の悪夢」","恨弓「源三位赖政之弓」/恨弓「源三位頼政の弓」","真相不明「紫镜」/正体不明「紫鏡」","真相不明「红披风蓝披风」/正体不明「赤マント青マント」","真相不明「厕所里的花子」/正体不明「厠の花子さん」","「自行星而来的弹幕X」/「遊星よりの弾幕Ｘ」","未知「轨道不明的鬼火」/アンノウン「軌道不明の鬼火」","未知「姿态不明的空鱼」/アンノウン「姿態不明の空魚」","未知「原理不明的妖怪玉」/アンノウン「原理不明の妖怪玉」"
"大鲶鱼","鲶鱼「看哪，世界在震动哦？」/ナマズ「ほらほら世界が震えるぞ？」","鲶鱼「土壤液化现象让大地也像泥一样了！」/ナマズ「液状化現象で大地も泥のようじゃ！」","鲶鱼「即使是发电也会努力哦？」/ナマズ「発電だって頑張っちゃうぞ？」","鲶鱼「全电气化更加环保！」/ナマズ「オール電化でエコロジーじゃ！」","大鲶鱼「这一招出来，连尘世都要完结了！！」/大ナマズ「これで浮き世もおしまいじゃあ！！」"
"姬海棠果","采访「姬海棠果的采访练习」/取材「姫海棠はたての練習取材」","连拍「Rapid Shot」/連写「ラピッドショット」","远视「天狗念写法」/遠眼「天狗サイコグラフィ」","写真「Full Panorama Shot」（全景拍摄）/写真「フルパノラマショット」","写真「足不出户的狗仔队」/写真「籠もりパパラッチ」"
"幽谷响子","响符「Mountain Echo」（山谷回声）/響符「マウンテンエコー」","响符「Mountain Echo Scramble」（混乱的山谷回声）/響符「マウンテンエコースクランブル」","响符「Power Resonance」（强力共振）/響符「パワーレゾナンス」","山彦「Long-Range Echo」（远距离回声）/山彦「ロングレンジエコー」","山彦「Amplify Echo」（扩大回声）/山彦「アンプリファイエコー」","大声「Charged Cry」（激动的呼喊）/大声「チャージドクライ」","大声「Charged Yahoo」（激动Yahoo）/大声「チャージドヤッホー」","山彦「山彦的本领发挥回音」/山彦「ヤマビコの本領発揮エコー」","叫唤「Primal Scream」（原始呐喊）/叫喚「プライマルスクリーム」","劈音「Piercing Circle」（尖刺之圆）/劈音「ピアッシングサークル」","经文「无限念佛」/御経「無限念仏」"
"宫古芳香","回复「Heal by Desire」（借由欲望的恢复）/回復「ヒールバイデザイア」","毒爪「Poison Raze」（剧毒抹消）/毒爪「ポイズンレイズ」","毒爪「Poison Murder」（剧毒杀害）/毒爪「ポイズンマーダー」","欲符「赚钱欲灵招来」/欲符「稼欲霊招来」","欲灵「Score Desire Eater」（贪分欲吞噬者）/欲霊「スコアデザイアイーター」","毒爪「不死杀人鬼」/毒爪「死なない殺人鬼」","毒爪「Zombie Claw」（僵尸之爪）/毒爪「ゾンビクロー」"
"霍青娥","邪符「养小鬼」/邪符「ヤンシャオグイ」","邪符「孤魂野鬼」/邪符「グーフンイエグイ」","入魔「走火入魔」/入魔「ゾウフォルゥモォ」","降灵「死人童乩」/降霊「死人タンキー」","通灵「通灵芳香」/通霊「トンリン芳香」","道符「道胎动」/道符「タオ胎動」","道符「TAO胎动　～道～」/道符「ＴＡＯ胎動　～道～」","入魔「过剩走火入魔」/入魔「過剰ゾウフォルゥモォ」","仙术「Wall Runner」（墙壁移动者）/仙術「ウォールランナー」","仙术「穿墙虫洞」/仙術「壁抜けワームホール」"
"苏我屠自古","雷矢「Gagouji Cyclone」（元兴寺的旋风）/雷矢「ガゴウジサイクロン」","雷矢「Gagouji Tornado」（元兴寺的龙卷）/雷矢「ガゴウジトルネード」","怨灵「入鹿之雷」/怨霊「入鹿の雷」"
"物部布都","天符「雨之磐舟」/天符「雨の磐舟」","天符「天之磐舟哟，向天飞升吧」/天符「天の磐舟よ天へ昇れ」","投皿「物部氏的八十平瓮」/投皿「物部の八十平瓮」","炎符「废佛之炎风」/炎符「廃仏の炎風」","炎符「火烧樱井寺」/炎符「桜井寺炎上」","圣童女「大物忌正餐」/聖童女「大物忌正餐」","圣童女「太阳神的贡品」/聖童女「太陽神の贄」","皿投「土器回转投」/皿投「かわらけ回転投げ」","弓符「星龙弓」/弓符「星龍弓」","古舟「Ancient Ship」（古老之船）/古舟「エンシェントシップ」","热龙「火焰龙脉」/熱龍「火焔龍脈」","皿符「自暴自弃的阿菊」/皿符「自暴自棄のお菊」","＊从晦暗的古井底＊/＊仄暗い古井戸の底から＊","拳风符「入道丛云风水拳」/拳風符「入道叢雲風水拳」","风灵符「磐舟土器封印」/風霊符「磐舟かわらけ封印」","面风符「喜怒哀乐风水术」/面風符「喜怒哀楽風水術」","光风符「光辉风水披风」/光風符「レイディアント風水マント」"
"丰聪耳神子","名誉「十二阶之色彩」/名誉「十二階の色彩」","名誉「十二阶之冠位」/名誉「十二階の冠位」","仙符「日出之处的道士」/仙符「日出ずる処の道士」","仙符「日出之处的天子」/仙符「日出ずる処の天子」","召唤「豪族乱舞」/召喚「豪族乱舞」","秘宝「斑鸠寺的天球仪」/秘宝「斑鳩寺の天球儀」","秘宝「圣德太子的欧帕兹」/秘宝「聖徳太子のオーパーツ」","光符「救世观音的佛光」/光符「救世観音の光後光」","光符「Guse Flash」（救世之光）/光符「グセフラッシュ」","眼光「十七条的光芒」/眼光「十七条のレーザー」","神光「无忤为宗」/神光「逆らう事なきを宗とせよ」","「星辰降落的神灵庙」/「星降る神霊廟」","「新生的神灵」/「生まれたての神霊」","「神灵大宇宙」/「神霊大宇宙」","德符「圣德的威望」/徳符「聖徳のプレスティージ」","光符「无限条光芒」/光符「無限条のレーザー」","「吾乃天道也」/「我こそが天道なり」","「十七条宪法炸弹」/「十七条の憲法爆弾」","怪人「Hermetic Manto」（神秘披风）/怪人「ヘルメティックマント1」","＊大怪人的动脉与静脉＊/＊大怪人の動脈と静脈＊","＊世纪的怪人红披风蓝披风＊/＊世紀の怪人赤マント青マント＊","怪人「Bloody Manto」（血色披风）/怪人「ブラッディマント」","怪人「被诅咒的红蓝披风」/怪人「カーシング赤青マント」","「死生有命　～按自己的意愿做出最渴望的选择吧」/「死生有命　～自らの意思で最期を選べ」","光击符「引导着你的王道的金刚杵射击」/光撃符「君を導く王道のヴァジュラシュート」","击光符「韦驮天的王道威光」/撃光符「スカンダの王道の威光」","蹴斩符「迦楼罗的圣德斩」/蹴斬符「ガルーダの聖德斬」","光仙符「日出之国的僧侣和道士」/光仙符「日出ずる国の僧侶と道士」","光风符「光辉风水披风」/光風符「レイディアント風水マント」","光符「引导着你的梦王道的威光」/光符「君を導く夢王道の威光」","星神符「十七条的超人」/星神符「十七条の超人」","红神符「十七条大灾变」/紅神符「十七条のカタストロフ」","神红符「血腥十七条的光芒」/神紅符「ブラッディ十七条のレーザー」"
"二岩猯藏","一回胜负「灵长类弹幕变化」/壱番勝負「霊長化弾幕変化」","二回胜负「肉食类弹幕变化」/弐番勝負「肉食化弾幕変化」","三回胜负「羽鸟类弹幕变化」/参番勝負「延羽化弾幕変化」","四回胜负「两栖类弹幕变化」/四番勝負「両生化弾幕変化」","五回胜负「鸟兽戏画」/伍番勝負「鳥獣戯画」","六回胜负「狸猫的变身学校」/六番勝負「狸の化け学校」","七回胜负「野生的离岛」/七番勝負「野生の離島」","变化「魔奴化巫女的伪退治」/変化「まぬけ巫女の偽調伏」","「猯藏化弹幕十变化」/「マミゾウ化弾幕十変化」","貉符「满月下的腹鼓舞」/狢符「満月のポンポコリン」","「Wild Carpet」（野生地毯）/「ワイルドカーペット」","变化「满月的花鸟园」/変化「満月の花鸟园」","变化「鸟兽戏画」/変化「鸟獣戯画」","变化「百鬼妖界之门」/変化「百鬼妖界の门」","「游戏到此为止了」/「たわむれはおわりじゃ」","「弁天的琵琶法师」/「ベンテンの琵琶法师」","「神社的佛祖大人」/「神社のお釈迦様」","「杜鹃不啼则待之泣」/「鳴かぬなら泣くまで待とう時鳥」","「人类真好啊」/「にんげんって良いな」","未确认「幽浮戏画」/未確認「遊抱戯画」","＊满员的外星人球＊/＊満員のエイリアンボール＊","＊差不多该回家了外星人们啊＊/＊そろそろ帰ろうエイリアン達よ＊","化火符「妖怪弹幕变化 叶叶烨烨」/化火符「妖怪弾幕変化　葉っぱ発破」","槌化符「大判小判弹幕变化」/槌化符「大判小判弾幕変化」","雷化符「务光与叶叶的弹幕变化」/雷化符「務光と葉っぱの弾幕変化」","龙化符「Dragon's Alien Capsule」（巨龙外星人胶囊）/龍化符「ドラゴンズエイリアンカプセル」","化符「妖怪弹幕变化 梦见心地」/化符「妖怪弾幕変化　夢見心地」"
"秦心","忧符「忧世之苦不绝如轮」/憂符「憂き世は憂しの小車」","喜符「昂扬的神乐狮子」/喜符「昂揚の神楽獅子」","怒符「愤怒的忌狼之面」/怒符「怒れる忌狼の面」","「Monkey Possession」（猿猴凭依）/「モンキーポゼッション」","＊裂口的感情＊/＊口裂けの感情＊","水面符「水泡弹假面舞会」/水面符「ミズバクマスカレード」","面风符「喜怒哀乐风水术」/面風符「喜怒哀楽風水術」","面符「喜怒哀乐发狂假面舞会」/面符「喜怒哀楽発狂マスカレード」"
"若鹭姬","水符「Tail Fin Slap」（尾鳍拍击）/水符「テイルフィンスラップ」","鳞符「Scale Wave」（鳞之波）/鱗符「スケールウェイブ」","鳞符「逆鳞的惊涛」/鱗符「逆鱗の荒波」","鳞符「逆鳞的大惊涛」/鱗符「逆鱗の大荒波」","水符「Lunatic Red Slap」（红月拍击）/水符「ルナティックレッドスラップ」","潮符「湖中的潮汐波」/潮符「湖のタイダルウェイブ」","鱼符「School of Fish」（鱼群）/魚符「スクールオブフィッシュ」"
"赤蛮奇","飞符「Flying Head」（飞行之头）/飛符「フライングヘッド」","首符「Close-Eye Shot」（闭目射击）/首符「クローズアイショット」","首符「辘轳首飞来」/首符「ろくろ首飛来」","飞头「Multiplicative Head」（倍增之头）/飛頭「マルチプリケイティブヘッド」","飞头「Seventh Head」（第七个头）/飛頭「セブンズヘッド」","飞头「Ninth Head」（第九个头）/飛頭「ナインズヘッド」","飞头「Dullahan Night」（杜拉罕之夜）/飛頭「デュラハンナイト」","飞首「Extreme Long Neck」（极长的脖子）/飛首「エクストリームロングネック」","眼光「Hell's Ray」（地狱之光）/眼光「ヘルズレイ」","飞首「Twin Rokuro Head」（二重辘轳首）/飛首「ツインロクロヘッド」"
"今泉影狼","牙符「月下的犬齿」/牙符「月下の犬歯」","变身「Triangle Fang」（三角齿）/変身「トライアングルファング」","变身「Star Fang」（星形齿）/変身「スターファング」","咆哮「Strange Roar」（陌生的咆哮）/咆哮「ストレンジロア」","咆哮「满月的远吠」/咆哮「満月の远吠え」","狼符「Star Ring Pounce」（星环猛扑）/狼符「スターリングパウンス」","天狼「High-Speed Pounce」（高速猛扑）/天狼「ハイスピードパウンス」","满月「Full Moon Roar」（满月咆哮）/満月「フルムーンロア」","狼牙「渴望鲜血的狼牙」/狼牙「血に餓えたウルフファング」"
"九十九弁弁","平曲「祗园精舍的钟声」/平曲「祇園精舎の鐘の音」","怨灵「无耳芳一」/怨霊「耳無し芳一」","怨灵「平家的大怨灵」/怨霊「平家の大怨霊」","乐符「邪恶的五线谱」/楽符「邪悪な五線譜」","乐符「凶恶的五线谱」/楽符「凶悪な五線譜」","乐符「Double Score」（双重乐谱）/楽符「ダブルスコア」","弦乐「风暴的合奏」/弦楽「嵐のアンサンブル」","弦乐「净琉璃世界」/弦楽「浄瑠璃世界」","音符「大热唱琵琶」/音符「大熱唱琵琶」","乐谱「Score Web」（乐谱之网）/楽譜「スコアウェブ」","两吟「星辰降落之歌」/両吟「星降る唄」"
"九十九八桥","琴符「诸行无常的琴声」/琴符「諸行無常の琴の音」","响符「平安的残响」/響符「平安の残響」","响符「Echo Chamber」（回音之庭）/響符「エコーチェンバー」","筝曲「下克上送筝曲」/筝曲「下克上送筝曲」","筝曲「下克上安魂曲」/筝曲「下克上レクイエム」","弦乐「风暴的合奏」/弦楽「嵐のアンサンブル」","弦乐「净琉璃世界」/弦楽「浄瑠璃世界」","琴符「天之诏琴」/琴符「天の詔琴」","哀歌「人琴俱亡」/哀歌「人琴ともに亡ぶ」","两吟「星辰降落之歌」/両吟「星降る唄」"
"鬼人正邪","欺符「逆针击」/欺符「逆針撃」","逆符「镜之国的弹幕」/逆符「鏡の国の弾幕」","逆符「Evil in the Mirror」（镜中的邪恶）/逆符「イビルインザミラー」","逆符「天地有用」/逆符「天地有用」","逆符「天下翻覆」/逆符「天下転覆」","逆弓「天壤梦弓」/逆弓「天壌夢弓」","逆弓「天壤梦弓的诏敕」/逆弓「天壌夢弓の詔勅」","逆转「Reverse Hierarchy」（阶级反转）/逆転「リバースヒエラルキー」","逆转「Change Air Brave」（变革空勇士）/逆転「チェンジエアブレイブ」"
"少名针妙丸","小弹「小人的道路」/小弾「小人の道」","小弹「小人的荆棘路」/小弾「小人の茨道」","小槌「变大吧」/小槌「大きくなあれ」","小槌「变得更大吧」/小槌「もっと大きくなあれ」","妖剑「辉针剑」/妖剣「輝針剣」","小槌「你给我变大吧」/小槌「お前が大きくなあれ」","「进击的小人」/「進撃の小人」","「Wall of Issun」（一寸之壁）/「ウォールオブイッスン」","「Hop-o'-My-Thumb Seven」（七个小拇指）/「ホップオマイサムセブン」","「七个一寸法师」/「七人の一寸法師」","「小人的地狱」/「小人の地獄」","辉针「杀鬼刺双目之针」/輝針「鬼ごろし両目突きの針」","大渔「空中大回转钓鱼法」/大漁「空中大回転漁法」","＊幻之国不来夫斯库＊/＊幻の国ブレフスキュ＊","槌化符「大判小判弹幕变化」/槌化符「大判小判弾幕変化」","升槌符「载着我们的梦变大吧」/昇槌符「僕らの夢を載せて大きくなあれ」","坠槌符「梦坠入大气圈变大吧」/墜槌符「夢は大気圏に墜ちて大きくなあれ」","「全小人族的绯想天」/「全小人族の緋想天」","狂槌符「狂视幻象（Disorder Eye）也变大吧」（混乱之眼）/狂槌符「狂視幻像（ディスオーダーアイ）も大きくなあれ」","槌恋符「大判小判叮叮当心」/槌恋符「大判小判ザックザクハート」","槌砾符「大判小判叮叮当念力」/槌礫符「大判小判ザックザクサイコキネシス」","绯针符「要石也给我变大吧」/緋針符「要石も大きくなあれ」","辉夜符「蓬莱的巨大弹枝」/輝夜符「蓬莱の大きな弾の枝」","永辉符「变大的壶」/永輝符「大きくなる壺」"
"堀川雷鼓","一鼓「暴乱宫太鼓」/一鼓「暴れ宮太鼓」","二鼓「怨灵绫鼓」/二鼓「怨霊アヤノツヅミ」","三鼓「午夜零时的三振」/三鼓「午前零時のスリーストライク」","死鼓「Land Percuss」（轻敲大地）/死鼓「ランドパーカス」","五鼓「雷电拨浪鼓」/五鼓「デンデン太鼓」","六鼓「Alternate Sticking」（交替打击法）/六鼓「オルタネイトスティッキング」","七鼓「高速和太鼓火箭」/七鼓「高速和太鼓ロケット」","八鼓「雷神之怒」/八鼓「雷神の怒り」","「Blue Lady Show」（蓝色佳人的演出）/「ブルーレディショー」","「Pristine beat」（原初的节拍）/「プリスティンビート」","雷符「愤怒的雷电拨浪鼓」/雷符「怒りのデンデン太鼓」","太鼓「Fantastic Woofer」（梦幻低音炮）/太鼓「ファンタジックウーファー」"
"宇佐见堇子","念力「Psycho Plosion」（精神爆发）/念力「サイコプロ－ジョン」","念力「Telekinesis 非法投掷物」/念力「テレキネシス　不法投棄」","＊现世的神秘主义者＊/＊現し世のオカルティシャン＊","＊深秘的七大不可思议＊/＊深秘のエソテリックセブン＊","超能力「Psychokinesis Endless」（念力无限）/超能力「サイコキネシスエンドレス」","梦砾符「羊毛色的念力」/夢礫符「羊毛色のサイコキネシス」","W超能力「Phychokinesis Teleportation」（念力传动）/Ｗ超能力「サイコキネシステレポーテーション」","W超能力「绝体绝命都市人」/Ｗ超能力「絶体絶命メトロポリタン」","「世纪的二重超人 宇佐见堇子」/「世紀のダブルエスパー　宇佐見菫子」","槌砾符「大判小判叮叮当念力」/槌礫符「大判小判ザックザクサイコキネシス」","纸符「ESP卡片手里剑」/紙符「ＥＳＰカード手裏剣」","纸符「结界中的ESP卡片手里剑」/紙符「結界中のＥＳＰカード手裏剣」"
"清兰","凶弹「Speed Strike」（高速撞击）/凶弾「スピードストライク」","弹符「Eagle Shooting」（鹰在射击）/弾符「イーグルシューティング」","弹符「鹰已击中」/弾符「鷹は撃ち抜いた」","铳符「Lunatic Gun」（月狂之枪）/銃符「ルナティックガン」","弹符「Eagle Shooting」（鹰在射击）/弾符「イーグルシューティング」","弹符「Rabbit Falconer」（兔子驯鹰者）/弾符「ラビットファルコナー」","梦弹「Lunatic Dream Shoot」（狂梦射击）/夢弾「ルナティックドリームショット」"
"铃瑚","兔符「Strawberry Dango」（草莓团子）/兎符「ストロベリーダンゴ」","兔符「Berry Berry Dango」（浆果浆果团子）/兎符「ベリーベリーダンゴ」","兔符「Dango Influence」（团子影响力）/兎符「ダンゴインフリューエンス」","月见「September Fullmoon」（九月的满月）/月見「セプテンバーフルムーン」","月见酒「Lunatic September」（月狂的九月）/月見酒「ルナティックセプテンバー」","兔符「Strawberry大Dango」（草莓大团子）/兎符「ストロベリー大ダンゴ」","兔符「团子三姐妹」/兎符「ダンゴ三姉妹」","团子「Dango Flower」（团子花）/団子「ダンゴフラワー」"
"哆来咪·苏伊特","梦符「绯红色的噩梦」/夢符「緋色の悪夢」","梦符「绯红色的压迫噩梦」/夢符「緋色の圧迫悪夢」","梦符「蔚蓝色的愁梦」/夢符「藍色の愁夢」","梦符「蔚蓝色的愁三重梦」/夢符「藍色の愁三重夢」","梦符「愁永远之梦」/夢符「愁永遠の夢」","梦符「刈安色的迷梦」/夢符「刈安色の迷夢」","梦符「刈安色的错综迷梦」/夢符「刈安色の錯綜迷夢」","梦符「Dream Catcher」（捕梦网）/夢符「ドリームキャッチャー」","梦符「苍蓝色的Dream Catcher」（苍蓝色的捕梦网）/夢符「蒼色のドリームキャッチャー」","梦符「梦我梦中」/夢符「夢我夢中」","月符「绀色的狂梦」/月符「紺色の狂夢」","蝴蝶「Butterfly Supplantation」（取而代之的蝴蝶）/胡蝶「バタフライサプランテーション」","超特急「Dream Express」（梦幻快车）/超特急「ドリームエクスプレス」","爬梦「Creeping Bullet」（爬行的子弹）/這夢「クリーピングバレット」","超能力「Psychokinesis Endless」（念力无限）/超能力「サイコキネシスエンドレス」","梦砾符「羊毛色的念力」/夢礫符「羊毛色のサイコキネシス」","灵符「梦想封印 梦限」/霊符「夢想封印　夢限」","星符「Asteroid Belt Nightmare」（小行星带恶梦）/星符「アステロイドベルトナイトメア」","梦要符「羊毛色的乾坤一掷」/夢要符「羊毛色の乾坤一擲」","面符「喜怒哀乐发狂假面舞会」/面符「喜怒哀楽発狂マスカレード」","化符「妖怪弹幕变化 梦见心地」/化符「妖怪弾幕変化　夢見心地」","光符「引导着你的梦王道的威光」/光符「君を導く夢王道の威光」","击符「被韦驮天追逐的正梦」/撃符「スカンダに追われる正夢」","雷符「务光的雷霆闪光梦幻弹」/雷符「務光の雷霆閃光夢幻弾」","龙符「Dragon's Optical Dream」（巨龙光学迷梦）/龍符「ドラゴンズオプティカルドリーム」","升符「飞向遥远的宇宙吧！ 载着我们的梦想」/昇符「遥か宙まで飛べ！　僕らの夢を載せて」","坠符「落入大气圈，梦想倾泻地表」/墜符「大気圏に落ちて、夢は地表に降り注ぐ」","「把大地重塑成，有梦的世界吧！」/「大地を造り直そう、夢のある世界へ！」","「在最后的周日所做的噩梦」/「最後の日曜日に見る悪夢」"
"稀神探女","玉符「乌合之咒」/玉符「烏合の呪」","玉符「乌合的逆咒」/玉符「烏合の逆呪」","玉符「乌合的二重咒」/玉符「烏合の二重呪」","玉符「秽身探知型水雷」/玉符「穢身探知型機雷」","玉符「秽身探知型水雷　改」/玉符「穢身探知型機雷　改」","玉符「众神的弹冠」/玉符「神々の弾冠」","玉符「众神的光辉弹冠」/玉符「神々の光り輝く弾冠」","「孤翼的白鹭」/「片翼の白鷺」","玉符「铜墙铁壁的阴阳玉」/玉符「金城鉄壁の陰陽玉」","玉符「众神的难摄之弹冠」/玉符「神々の写し難い弾冠」","梦鹭「孤翼的梦鹭」/夢鷺「片翼の夢鷺」"
"克劳恩皮丝","狱符「Hell Eclipse」（地狱月食）/獄符「ヘルエクリプス」","狱符「地狱之蚀」/獄符「地獄の蝕」","狱符「Flash and Stripe」（闪光与条纹）/獄符「フラッシュアンドストライプ」","狱符「Star and Stripe」（星与条纹）/獄符「スターアンドストライプ」","狱炎「Graze Inferno」（擦弹地狱火）/獄炎「グレイズインフェルノ」","狱炎「擦弹的狱意」/獄炎「かすりの獄意」","地狱「Striped Abyss」（条纹状的深渊）/地獄「ストライプドアビス」","「Fake Apollo」（伪阿波罗）/「フェイクアポロ」","「Apollo捏造说」（阿波罗捏造说）/「アポロ捏造説」","狱符「Bursting Grudge」（喷薄的恶意）/獄符「バースティンググラッジ」","狱符「Double Stripe」（双重条纹）/獄符「ダブルストライプ」","月梦「Eclipse Nightmare」（月食梦魇）/月夢「エクリプスナイトメア」"
"纯狐","「掌上的纯光」/「掌の純光」","「杀意的百合」/「殺意の百合」","「原始的神灵界」/「原始の神霊界」","「现代的神灵界」/「現代の神霊界」","「战栗的寒冷之星」/「震え凍える星」","「纯粹的狂气」/「純粋なる狂気」","「溢出的瑕秽」/「溢れ出る瑕穢」","「地上秽的纯化」/「地上穢の純化」","纯符「Purely Bullet Hell」（单纯的子弹地狱）/純符「ピュアリーバレットヘル」","纯符「纯粹的弹幕地狱」/純符「純粋な弾幕地獄」","「用于逼死瓮中鼠的单纯弹幕」/「袋の鼠を追い詰める為の単純な弾幕」","「用于杀人的纯粹弹幕」/「人を殺める為の純粋な弾幕」","「最初与最后的无名弹幕」/「最初で最後の無名の弾幕」","「震颤的冰封噩梦」/「震え凍える悪夢」","「Psychedelic Mandara」（迷幻曼陀罗）/「サイケデリックマンダラ」","「极具威严的纯光」/「極めて威厳のある純光」","「噩梦中的切实杀人用弹幕」/「確実に悪夢で殺す為の弾幕」","绀珠符「纯粹与不纯的弹幕」/紺珠符「純粋と不純の弾幕」","萃珠符「纯粹的五里雾中」/萃珠符「純粋な五里霧中」","永珠符「无秽之珠与多秽之灵」/永珠符「穢れ無き珠と穢れ多き霊」"
"赫卡提亚·拉碧斯拉祖利","异界「逢魔之刻」/異界「逢魔ガ刻」","地球「邪秽在身」/地球「邪穢在身」","月「Apollo反射镜」（阿波罗反射镜）/月「アポロ反射鏡」","异界「地狱的Non-ideal弹幕」（地狱的非理想弹幕）/異界「地獄のノンイデアル弾幕」","地球「落向地狱的雨」/地球「地獄に降る雨」","月「Lunatic Impact」（月狂冲击）/月「ルナティックインパクト」","「Trinitarian Rhapsody」（三位一体论狂想曲）/「トリニタリアンラプソディ」","「最初与最后的无名弹幕」/「最初で最後の無名の弾幕」","异界「Distorted Fire」（歪邪之火）/異界「ディストーテッドファイア」","异界「充满怨恨的地狱之雨」/異界「恨みがましい地獄の雨」","月「Cosmic Radiation」（星际辐射）/月「コズミックレディエーション」","异界「逢魔之刻 梦」/異界「逢魔ガ時　夢」","「月亮掉下来啦！」/「月が堕ちてくる！」","绀珠符「纯粹与不纯的弹幕」/紺珠符「純粋と不純の弾幕」","永珠符「舍命Reflection」（舍命反射）/永珠符「捨て身のリフレクション」","萃珠符「Mist Ray」（迷雾射线）/萃珠符「ミストレイ」"
"依神女苑","不幸「欢迎来到极端贫困的世界」/不運「ようこそ極貧の世界へ」","财祸「Pluck Pigeon」（雁过拔毛）/財禍「プラックピジョン」","凭依交换「Absolute Loser」（绝对输家）/憑依交換「アブソリュートルーザー」","「最强最棒的异变解决巫女」/「最強最良の異変解決巫女」"
"依神紫苑","不幸「欢迎来到极端贫困的世界」/不運「ようこそ極貧の世界へ」","财祸「Pluck Pigeon」（雁过拔毛）/財禍「プラックピジョン」","凭依交换「Absolute Loser」（绝对输家）/憑依交換「アブソリュートルーザー」","贫符「Mischance Scatter」（厄运播撒）/貧符「ミスチャンススキャッター」","「最凶最恶的极贫不幸神」/「最凶最悪の極貧不幸神」"
"爱塔妮缇拉尔瓦","蝶符「Minute Scales」（细碎鳞粉）/蝶符「ミニットスケールス」","蝶符「凤蝶的鳞粉」/蝶符「アゲハの鱗粉」","蝶符「Fluttering Summer」（扑翅之夏）/蝶符「フラッタリングサマー」","蝶符「盛夏振翅」/蝶符「真夏の羽ばたき」","蝶符「Butterfly Dream」（蝴蝶之梦）/蝶符「バタフライドリーム」","蝶符「沾身难下的鳞粉」/蝶符「纏わり付く鱗粉」","梦蝶「Crazy Butterfly」（狂蝶）/夢蝶「クレージーバタフライ」"
"坂田合欢","雨符「被囚禁的秋雨」/雨符「囚われの秋雨」","雨符「被诅咒的柴榑雨」/雨符「呪われた柴榑雨」","刃符「山姥的菜刀研磨」/刃符「山姥の包丁研ぎ」","刃符「山姥的鬼菜刀研磨」/刃符「山姥の鬼包丁研ぎ」","尽符「Mountain Murder」（深山谋杀）/尽符「マウンテンマーダー」","尽符「Bloody Mountain Murder」（血腥的深山谋杀）/尽符「ブラッディマウンテンマーダー」","研符「疯狂闪耀的鬼菜刀」/研符「狂い輝く鬼包丁」","杀符「穷僻的山姥」/殺符「窮僻の山姥」","梦尽「杀人鬼之怀」/夢尽「殺人鬼の懐」"
"高丽野阿吽","犬符「野犬的散步」/犬符「野良犬の散歩」","狗符「山狗的散步」/狗符「山狗の散歩」","陀螺「狛犬回旋」/独楽「コマ犬回し」","陀螺「Curl Up and Die」（蜷缩死去）/独楽「カールアップアンドダイ」","狛符「单人式阿吽的呼吸」/狛符「独り阿吽の呼吸」","陀螺「狛犬大回转」/独楽「コマ犬大回転」","陀螺「阿吽的闪光」/独楽「阿吽の閃光」","梦犬「101野犬」/夢犬「１０１匹の野良犬」"
"矢田寺成美","魔符「Instant Bodhi」（顷刻菩提）/魔符「インスタントボーディ」","魔符「即席菩提」/魔符「即席菩提」","魔符「Bullet Golem」（弹丸魔像）/魔符「バレットゴーレム」","魔符「作宠物的巨大弹生命体」/魔符「ペットの巨大弾生命体」","地藏「Criminal Salvation」（罪业救赎）/地蔵「クリミナルサルヴェイション」","地藏「业火救济」/地蔵「業火救済」","魔符「慈爱的地藏」/魔符「慈愛の地蔵」","地藏「菩萨践踏」/地蔵「菩薩ストンプ」","地藏「生机勃勃的弹幕魔像」/地蔵「活きの良いバレットゴーレム」","梦地藏「劫火的希望」/夢地蔵「劫火の希望」"
"尔子田里乃","茗荷「Forget Your Name」（忘却你的名字）/茗荷「フォゲットユアネーム」","冥加「Behind You」（在你背后）/冥加「ビハインドユー」","舞符「Behind Festival」（背后之祭）/舞符「ビハインドフェスティバル」","狂舞「天狗怖吓」/狂舞「テングオドシ」","狂舞「狂乱天狗怖吓」/狂舞「狂乱天狗怖し」","鼓舞「Powerful Cheers」（强力助威）/鼓舞「パワフルチアーズ」","狂舞「Crazy Back Dance」（疯狂的背景舞）/狂舞「クレイジーバックダンス」","弹舞「双目台风」/弾舞「二つ目の台風」","茗荷「Mesmerism Dance」（幻惑之舞）/茗荷「メスメリズムダンス」","冥加「Behind Nightmare」（噩梦之后）/冥加「ビハインドナイトメア」"
"丁礼田舞","竹符「Bamboo Spear Dance」（竹矛之舞）/竹符「バンブースピアダンス」","竹符「Bamboo Crazy Dance」（竹之狂舞）/竹符「バンブークレイジーダンス」","笹符「Tanabata Star Festival」（七夕星祭）/笹符「タナバタスターフェスティバル」","舞符「Behind Festival」（背后之祭）/舞符「ビハインドフェスティバル」","狂舞「天狗怖吓」/狂舞「テングオドシ」","狂舞「狂乱天狗怖吓」/狂舞「狂乱天狗怖し」","鼓舞「Powerful Cheers」（强力助威）/鼓舞「パワフルチアーズ」","狂舞「Crazy Back Dance」（疯狂的背景舞）/狂舞「クレイジーバックダンス」","弹舞「双目台风」/弾舞「二つ目の台風」","竹符「Bamboo Labyrinth」（竹之大迷宫）/竹符「バンブーラビリンス」","笹符「Tanabata Star Dream」（七夕星之梦）/笹符「タナバタスタードリーム」"
"摩多罗隐岐奈","后符「秘神的后光」/後符「秘神の後光」","后符「绝对秘神的后光」/後符「絶対秘神の後光」","里夏「Scorch by Hot Summer」（暑夏炙烤）/裏夏「スコーチ?バイ?ホットサマー」","里夏「异常酷暑之焦土」/裏夏「異常猛暑の焦土」","里秋「Die of Famine」（死于饥荒）/裏秋「ダイ?オブ?ファミン」","里秋「异常枯死之饿鬼」/裏秋「異常枯死の餓鬼」","里冬「Black Snowman」（黑色雪人）/裏冬「ブラックスノーマン」","里冬「异常降雪之雪人」/裏冬「異常降雪の雪だるま」","里春「April Wizard」（四月巫师）/裏春「エイプリルウィザード」","里春「异常落花之魔术使」/裏春「異常落花の魔術使い」","「里·Breezy Cherry Blossom」（里·吹拂樱花）/「裏?ブリージーチェリーブロッサム」","「里·Perfect Summer Ice」（里·完美夏冰）/「裏?パーフェクトサマーアイス」","「里·Crazy Fall Wind」（里·疯狂秋风）/「裏?クレイジーフォールウィンド」","「里·Extreme Winter」（里·极端寒冬）/「裏?エクストリームウィンター」","秘仪「Reverse Invoker」（逆向呼神者）/秘儀「リバースインヴォーカー」","秘仪「背叛的后方射击」/秘儀「裏切りの後方射撃」","秘仪「弹幕的玉茧」/秘儀「弾幕の玉繭」","秘仪「秽那之火」/秘儀「穢那の火」","秘仪「后户的狂言」/秘儀「後戸の狂言」","秘仪「Matarah Dukkha」（摩多罗苦谛）/秘儀「マターラドゥッカ」","秘仪「七星之剑」/秘儀「七星の剣」","秘仪「无纽带的艺人」/秘儀「無縁の芸能者」","「背面的暗黑猿乐」/「背面の暗黒猿楽」","「Anarchy Bullet Hell」（无秩序弹幕地狱）/「アナーキーバレットヘル」","秘仪「Matara Sukha」（摩多罗悦乐）/秘儀「マターラスッカ」","秘仪「背面的邪炎」/秘儀「背面の邪炎」","后符「绝对秘神的后光」/後符「絶対秘神の後光」","秘仪「秘神的暗跃弹幕」/秘儀「秘神の暗曜弾幕」","秘仪「神秘的玉茧」/秘儀「神秘の玉繭」","「秘神结界」/「秘神結界」","「来自背后的偷拍者降服」/「背後からの盗撮者調伏」","「卑鄙者极限火花」/「卑怯者マスタースパーク」"
"戎璎花","石符「Stone Woods」（石林）/石符「ストーンウッズ」","石符「Stone Conifer」（石头针叶树）/石符「ストーンコニファー」","石符「Children's Limbo」（孩子们的灵薄狱）/石符「チルドレンズリンボ」","石符「Adult Children's Limbo」（大孩子们的灵薄狱）/石符「アダルトチルドレンズリンボ」"
"牛崎润美","石符「Stone Baby」（石之婴儿）/石符「ストーンベイビー」","石符「Heavy Stone Baby」（沉重的石之婴儿）/石符「ヘビーストーンベイビー」","溺符「三途的沦溺」/溺符「三途の淪溺」","鬼符「Demon Siege」（魔鬼围城）/鬼符「デーモンシージ」","鬼符「Hungry Demon Siege」（饿鬼围城）/鬼符「ハングリーデーモンシージ」"
"庭渡久侘歌","水符「分水的试练」/水符「水配りの試練」","水符「分水的上级试炼」/水符「水配りの上級試煉」","水符「分水的顶级试炼」/水符「水配りの極級試煉」","光符「瞭望的试练」/光符「見渡しの試練」","光符「瞭望的上级试炼」/光符「見渡しの上級試煉」","光符「瞭望的顶级试炼」/光符「見渡しの極級試煉」","鬼符「鬼渡的试练」/鬼符「鬼渡の試練」","鬼符「鬼渡的上级试炼」/鬼符「鬼渡の上級試煉」","鬼符「鬼渡的狱级试炼」/鬼符「鬼渡の獄級試煉」","血战「血之分水岭」/血戦「血の分水嶺」","血战「狱界视线」/血戦「獄界視線」","血战「全灵鬼渡」/血戦「全霊鬼渡り」"
"吉吊八千慧","龟符「龟甲地狱」/亀符「亀甲地獄」","鬼符「搦手的畜生」/鬼符「搦手の畜生」1","鬼符「搦手的犬畜生」/鬼符「搦手の犬畜生」","鬼符「搦手的鬼畜生」/鬼符「搦手の鬼畜生」","龙符「龙纹弹」/龍符「龍紋弾」"
"杖刀偶磨弓","埴轮「弓兵埴轮」/埴輪「弓兵埴輪」","埴轮「熟练弓兵埴轮」/埴輪「熟練弓兵埴輪」","埴轮「剑士埴轮」/埴輪「剣士埴輪」","埴轮「熟练剑士埴轮」/埴輪「熟練剣士埴輪」","埴轮「骑马兵埴轮」/埴輪「騎馬兵埴輪」","埴轮「熟练骑马兵埴轮」/埴輪「熟練騎馬兵埴輪」","埴轮「空洞的无尽兵团」/埴輪「がらんどうの無尽兵団」","埴轮「不败的无尽兵团」/埴輪「不敗の無尽兵団」"
"埴安神袿姬","方形「方形造形术」/方形「方形造形術」","方形「Square Creature」（方形造物）/方形「スクエアクリーチャー」","圆形「正圆造形术」/円形「真円造形術」","圆形「Circle Creature」（圆形造物）/円形「サークルクリーチャー」","线形「线形造形术」/線形「線形造形術」","线形「Linear Creature」（线形造物）/線形「リニアクリーチャー」","埴轮「偶像人马造形术」/埴輪「偶像人馬造形術」","埴轮「Idol Creature」（偶像造物）/埴輪「アイドルクリーチャー」","「鬼形造形术」/「鬼形造形術」","「Geometric Creature」（几何造物）/「ジオメトリッククリーチャー」","「Idola Diabolus」（造形恶魔）/「イドラディアボルス」"
"骊驹早鬼","劲疾技「Thrilling Shot」（惊险射击）/勁疾技「スリリングショット」","劲疾技「Lightning Neigh」（闪电嘶鸣）/勁疾技「ライトニングネイ」","劲疾技「Dense Cloud」（浓云）/勁疾技「デンスクラウド」","劲疾技「Beast Epidemicity」（兽性感染）/勁疾技「ビーストエピデミシティ」","劲疾技「Triangle Chase」（三角追击）/勁疾技「トライアングルチェイス」","劲疾技「Black Pegasus流星弹」（黑色天马流星弹）/勁疾技「ブラックペガサス流星弾」","劲疾技「Muscle Explosion」（肌肉爆破）/勁疾技「マッスルエクスプロージョン」","「Follow Me Unafraid」（跟我来，不要怕）/「フォロミーアンアフライド」","「鬼形的Hoi Polloi」（鬼形的乌合之众）/「鬼形のホイポロイ」","「鬼畜生的所业」/「鬼畜生の所業」"
"桑尼米尔克","阳光「Sunshine Blast」（阳光冲击波）/陽光「サンシャインブラスト」","虹光「Prism Flash」（棱镜闪光）/虹光「プリズムフラッシュ」","光精「Diamond Ring」（钻石之环）/光精「ダイアモンドリング」","光符「Blue Deflection」（蓝色偏移）/光符「ブルーディフレクション」","日符「Aggressive Light」（咄咄逼人的光亮）/日符「アグレッシブライト」","日符「Direct Sunlight」（阳光直射）/日符「ダイレクトサンライト」","瞬光「Fatal Flash」（致命闪光）/瞬光「フェイタルフラッシュ」","光精「Cross Diffusion」（交叉反射）/光精「クロスディフュージョン」","光符「Yellow Deflection」（黄色偏移）/光符「イエローディフレクション」","阳光「Sunshine Needle」（日光芒针）/陽光「サンシャインニードル」"
"露娜切露德","月符「Lunatic Rain」（狂雨）/月符「ルナティックレイン」","月符「Luna Cyclone」（月面气旋）/月符「ルナサイクロン」","月光「Silent Storm」（寂静风暴）/月光「サイレントストーム」","月光「Dark Stillness」（黑暗寂静）/月光「ダークスティルネス」","障光「Moonlight Wall」（月光墙）/障光「ムーンライトウォール」","夜符「Night Fairies」（夜晚的妖精）/夜符「ナイトフェアリーズ」","月光「Silent Flower」（花开无声）/月光「サイレントフラワー」","月光「Moon Stillness」（寂静之月）/月光「ムーンスティルネス」","光壁「Wall Break」（凿壁偷光）/光壁「ウォールブレイク」","月光「Silent Cyclone」（静默旋风）/月光「サイレントサイクロン」"
"斯塔萨菲雅","流星「Petit Comet」（小型彗星）/流星「プチコメット」","星粒「Sprinkle Piece」（星星点点）/星粒「スプリンクルピース」","星符「Twinkle Sapphire」（闪耀蓝宝石）/星符「トゥインクルサファイア」","星光「Star Laser」（星辰镭射）/星光「スターレーザー」","流星「Comet Stream」（彗星激流）/流星「コメットストリーム」","星粒「Star Piece Shower」（星尘阵雨）/星粒「スターピースシャワー」","星符「Shooting Sapphire」（蓝宝石喷射）/星符「シューティングサファイア」","星光「Star Storm」（星尘飓风）/星光「スターストーム」","星符「Starlight Rain」（星光雨）/星符「スターライトレイン」","星符「Red Star」（红星）/星符「レッドスター」"
"绵月依姬","「火雷神」/「火雷神」","「金山彦命」/「金山彦命」","「天津瓮星」/「天津甕星」","「石凝姥命」/「石凝姥命」","「天宇受卖命」/「天宇受売命」","「天照大御神」/「天照大御神」","「伊豆能卖」/「伊豆能売」"
"茨木华扇","雷符「低速的务光」/雷符「微速の務光」","虎符「两门的彭祖」/虎符「両門の彭祖」","＊到死都会实现愿望的猴爪＊/＊死ぬまで願いを叶える手＊","＊猿之手会做一个神秘的梦＊/＊猿の手はオカルトな夢を見る＊","灵鹰符「飞鹰的梦想封印狩猎」/霊鷹符「鷹による夢想封印ハンティング」","雷灵符「务光的雷弹梦想封印」/雷霊符「務光の雷弾夢想封印」","龙蹴符「巨龙飞鸟井之踢」/龍蹴符「ドラゴンズ飛鳥井キック」","雷化符「务光与叶叶的弹幕变化」/雷化符「務光と葉っぱの弾幕変化」","龙化符「Dragon's Alien Capsule」（巨龙外星人胶囊）/龍化符「ドラゴンズエイリアンカプセル」","雷符「务光的雷霆闪光梦幻弹」/雷符「務光の雷霆閃光夢幻弾」","龙符「Dragon's Optical Dream」（巨龙光学迷梦）/龍符「ドラゴンズオプティカルドリーム」"
"博丽灵梦","灵符「梦想封印」/灵符「梦想封印」","灵符「梦想封印　散」/灵符「梦想封印　散」","梦符「封魔阵」/梦符「封魔阵」","灵符「梦想妙珠」/灵符「梦想妙珠」","梦符「封魔阵」/梦符「封魔阵」","宝符「阴阳宝玉」/宝符「阴阳宝玉」","符之一「梦想妙珠连」/符之一「梦想妙珠连」","符之三「魔净闪结」/符之三「魔净闪结」","梦战「幻想之月」/梦战「幻想之月」","灵符「梦想妙珠」/灵符「梦想妙珠」","梦符「二重结界」/梦符「二重结界」","灵符「梦想封印　散」/灵符「梦想封印　散」","梦符「封魔阵」/梦符「封魔阵」","神技「八方龙杀阵」/神技「八方龙杀阵」","回灵「梦想封印　侘」/回灵「梦想封印　侘」","大结界「博丽弹幕结界」/大结界「博丽弹幕结界」","灵符「阴阳印」/灵符「阴阳印」","灵符「梦想妙珠」/灵符「梦想妙珠」","神技「八方鬼缚阵」/神技「八方鬼缚阵」","宝符「阴阳宝玉」/宝符「阴阳宝玉」","神技「天霸风神脚」/神技「天霸风神脚」","祈愿「祛除厄运之祈愿」/祈愿「祛除厄运之祈愿」","梦境「二重大结界」/梦境「二重大结界」","「违背常识的另一侧」一定时间内取消自机除擦弹以外的判定/「违背常识的另一侧」","梦符「退魔符乱舞」/梦符「退魔符乱舞」","梦符「封魔阵」/梦符「封魔阵」","御守「妖怪拘禁符」/御守「妖怪拘禁符」","神灵「梦想封印　瞬」/神灵「梦想封印　瞬」","灵札「报刊推销团降服」/灵札「报刊推销团降服」","灵符「梦想封印」/灵符「梦想封印」","神技「八方龙杀阵」/神技「八方龙杀阵」","御札「神社繁盛祈愿札」/御札「神社繁盛祈愿札」","御札「对妖怪方位清除」/御札「对妖怪方位清除」","「二大宗教九字护身法」/「二大宗教九字护身法」","妖器「无情的驱魔棒」近距离造成超绝伤害毫无慈悲之心的祈祷/妖器「无情的驱魔棒」","神签「犯规结界」/神签「犯规结界」","灵符「梦想封印」/灵符「梦想封印」","宝具「阴阳飞鸟井」/宝具「阴阳飞鸟井」","灵符「梦想封印」/灵符「梦想封印」","灵鹰符「飞鹰的梦想封印狩猎」/灵鹰符「飞鹰的梦想封印狩猎」","星灵符「Sprinkle Star封印」（洒星封印）/星灵符「Sprinkle Star封印」","龙蹴符「巨龙飞鸟井之踢」/龙蹴符「巨龙飞鸟井之踢」","「这不知是第几次的生命，梦想封印吧」/「这不知是第几次的生命，梦想封印吧」","「完全凭依与梦想封印」/「完全凭依与梦想封印」","「偷拍者降服极限火花」/「偷拍者降服极限火花」","灵符「无理由的无差别降伏」/霊符「理由無き無差別調伏」"
"雾雨魔理沙","魔符「Stardust Reverie」/魔符「Stardust Reverie」","魔符「Stardust Reverie」/魔符「Stardust Reverie」","恋符「Non-Directional Laser」/恋符「Non-Directional Laser」","恋符「Master Spark」（极限火花）/恋符「Master Spark」","魔符「Stardust Reverie」（星尘幻想）/魔符「Stardust Reverie」","仪符「Orrery's Sun」（太阳仪）/仪符「Orrery's Sun」","符之一「Stardust Reverie」（星尘幻想）/符之一「Stardust Reverie」","符之三「Master Spark」（极限火花）/符之三「Master Spark」","恋符「Master Spark」/恋符「Master Spark」","魔符「Milky Way」（银河）/魔符「Milky Way」","魔符「Stardust Reverie」（星尘幻想）/魔符「Stardust Reverie」","恋符「Non-Directional Laser」（非定向光线）/恋符「Non-Directional Laser」","恋符「Master Spark」（极限火花）/恋符「Master Spark」","光符「Earth Light Ray」（地球光）/光符「Earth Light Ray」","魔炮「Final Spark」（究极火花）/魔炮「Final Spark」","魔符「Stardust」（星尘）/魔符「Stardust」","恋符「Master Spark」（极限火花）/恋符「Master Spark」","星符「Dragon Meteor」（龙陨石）/星符「Dragon Meteor」","星符「Escape Velocity」（逃逸速度）/星符「Escape Velocity」","星符「Meteonic Shower」（流星雨）/星符「Meteonic Shower」","仪符「Orrery's Sun」（太阳仪）/仪符「Orrery's Sun」","星符「Polaris Unique」（唯一的北极星）/星符「Polaris Unique」","「Remote Sacrifice」牺牲一个人偶，发射出稍强的激光/「Remote Sacrifice」","恋符「Master Spark」/恋符「Master Spark」","星符「Gravity Beat」（重力一击）/星符「Gravity Beat」","恋符「Non-Directional Laser」（非定向光线）/恋符「Non-Directional Laser」","星符「Eccentric Asteroid」/星符「Eccentric Asteroid」","星符「Oort Cloud」/星符「Oort Cloud」","光符「Mysterious Beam」（神秘光束）/光符「Mysterious Beam」","魔弹「Test Slave」（试验用使魔）/魔弹「Test Slave」","恋符「Master Spark一般的手电筒」（极限火花一般的手电筒）/恋符「Master Spark一般的手电筒」","魔十字「Grand Cross」（大十字）/魔十字「Grand Cross」","「Blazing Star一般的捉迷藏」（彗星一般的捉迷藏）/「Blazing Star一般的捉迷藏」","恋符「Master Spark」（极限火花）/恋符「Master Spark」","星符「Satellite Illusion」（卫星幻觉）/星符「Satellite Illusion」","星符「毫秒脉冲星」/星符「毫秒脉冲星」","恋符「Wide Master」（广域极限火花）/恋符「Wide Master」","恋符「Master Spark」（极限火花）/恋符「Master Spark」","星符「Satellite Illusion」（卫星幻觉）/星符「Satellite Illusion」","星恋符「Sprinkle Star & Heart」（星星心心洒）/星恋符「Sprinkle Star & Heart」","星灵符「Sprinkle Star封印」（洒星封印）/星灵符「Sprinkle Star封印」","「偷拍者降服极限火花」/「偷拍者降服极限火花」","「Stardust Reverie」（星尘幻想）/「Stardust Reverie」","「Final Spark」（究极火花）/「Final Spark」","森符「Violent Tricholoma」（暴力蘑菇）/森符「バイオレントトリコローマ」"
"豪德寺三花","招符「弹幕万来」/招符「弾幕万来」","招符「弹灾招福」/招符「弾災招福」"
"山城高岭","森符「木隐的技术」/森符「木隠れの技術」","森符「极·木隐的技术」/森符「極・木隠れの技術」","森符「真·木隐的技术」/森符「真・木隠れの技術」","森符「最深的森域」/森符「最奥の森域」","森符「极·最深的森域」/森符「極・最奥の森域」","森符「真·最深的森域」/森符「真・最奥の森域」","叶技「Green Spiral」（绿色螺旋）/葉技「グリーンスパイラル」","叶技「Green Cyclone」（绿色旋风）/葉技「グリーンサイクロン」","叶技「Green Tornado」（绿色龙卷）/葉技「グリーントルネード」"
"驹草山如","山符「惊天的云间草」/山符「動天の雲間草」","山怪「惊愕的云间草」/山怪「驚愕の雲間草」","山符「妖光闪闪的薄雪草」/山符「妖光輝く薄雪草」","山怪「妖魔喧嚣的薄雪草」 山怪「妖魔犇めく薄雪草」","山花「杀戮的驹草」/山花「殺戮の駒草」","山花「杀戮的山之女王」/山花「殺戮の山の女王」"
"玉造魅须丸","玉符「虹龙阴阳玉」/玉符「虹龍陰陽玉」","玉符「阴阳神玉」/玉符「陰陽神玉」","玉将「Queen of Yin Yang Sphere」（阴阳玉女王）/玉将「クイーンオブインヤンスフィア」","女王珠「彩虹门的另一侧」/女王珠「虹の扉の向こうに」","「阴阳窒息」/「陰陽サフォケイション」"
"菅牧典","狐符「Fox Winder」（狐之绞盘） 狐符「フォックスワインダー」","管狐「Cylinder Fox」（圆管之狐）/管狐「シリンダーフォックス」","星狐「天狐龙星之舞」 星狐「天狐龍星の舞」"
"饭纲丸龙","祸星「星火燎原之舞」/禍星「星火燎原の舞」","祸星「星火燎原乱舞」/禍星「星火燎原乱舞」","星风「虹彩陆离之舞」/星風「虹彩陸離の舞」","星风「虹彩陆离乱舞」/星風「虹彩陸離乱舞」","光马「天马行空之舞」/光馬「天馬行空の舞」","光马「天马行空乱舞」/光馬「天馬行空乱舞」","虹光「光风霁月」/虹光「光風霽月」"
"天弓千亦","「向无主的贡品」/「無主への供物」","「弹幕收集狂的妄执」/「弾幕狂蒐家の妄執」","「Bullet Market」（弹幕市场）/「バレットマーケット」","「高密度弹幕市场」/「密度の高いバレットマーケット」","「弹幕自由市场」/「弾幕自由市場」","「虹人环」/「虹人環」","「Bullet Dominion」（弹幕领土）/「バレットドミニオン」","「暴虐的弹幕领土」/「暴虐のバレットドミニオン」","「无道的弹幕领土」/「無道のバレットドミニオン」","「弹幕的庇护所」/「弾幕のアジール」"
"姬虫百百世","蛊毒「Cannibalistic Insect」（食人昆虫）/蠱毒「カニバリスティックインセクト」","蛊毒「Cave Swarmer」（洞穴蜂群）/蠱毒「ケイブスウォーマー」","蛊毒「Sky Pendra」（飞天蜈蚣）/蠱毒「スカイペンドラ」","采掘「不断累积的矿山废石」/採掘「積もり続けるマインダンプ」","采掘「Mine Blast」（矿山爆破）/採掘「マインブラスト」","采掘「妖怪们的盾构法」/採掘「妖怪達のシールドメソッド」","大蜈蚣「Snake Eater」（噬蛇者）/大蜈蚣「スネークイーター」","大蜈蚣「Dragon Eater」（噬龙者）/大蜈蚣「ドラゴンイーター」","「蛊毒的美食家」/「蠱毒のグルメ」","「虫姬殿下的闪耀忙乱的日常」/「蟲姫さまの輝かしく落ち着かない毎日」"
