"蓬莱人形 ～ Dolls in Pseudo Paradise","蓬莱传说/蓬莱伝説","二色莲花蝶　～ Red and White/二色蓮花蝶　～ Red and White","樱花之恋塚　～ Japanese Flower/桜花之恋塚　～ Japanese Flower","明治十七年的上海爱丽丝/明治十七年の上海アリス","东方怪奇谈/東方怪奇談","神秘的人偶/エニグマティクドール","Circus Reverie/サーカスレヴァリエ","人偶之森/人形の森","Witch of Love Potion/Witch of Love Potion","重生/リーインカーネイション","U.N.OWEN就是她吗？/U.N.オーエンは彼女なのか？","永远之巫女/永遠の巫女","空中飞翔的巫女不可思议的每天/空飛ぶ巫女の不思議な毎日","蓬莱传说/蓬莱伝説","二色莲花蝶　～ Red and White/二色蓮花蝶　～ Red and White","樱花之恋塚　～ Japanese Flower/桜花之恋塚　～ Japanese Flower","明治十七年的上海爱丽丝/明治十七年の上海アリス","东方怪奇谈/東方怪奇談","神秘的人偶/エニグマティクドール","Circus Reverie/サーカスレヴァリエ","人偶之森/人形の森","Witch of Love Potion/Witch of Love Potion","重生/リーインカーネイション","U.N.OWEN就是她吗？/U.N.オーエンは彼女なのか？","永远之巫女/永遠の巫女","空中飞翔的巫女不可思议的每天/空飛ぶ巫女の不思議な毎日"
"莲台野夜行 ～ Ghostly Field Club.","走在夜晚的莲台野/夜のデンデラ野を逝く","少女秘封俱乐部/少女秘封倶楽部","东方妖妖梦　～ Ancient Temple/東方妖々夢　～ Ancient Temple","古老的冥界寺/古の冥界寺","幻视之夜　～ Ghostly Eyes/幻視の夜　～ Ghostly Eyes","魔术师梅莉/魔術師メリー","月之妖鸟、化猫之幻/月の妖鳥、化猫の幻","过去的花　～ Fairy of Flower/過去の花　～ Fairy of Flower","魔法少女十字军/魔法少女十字軍","少女幻葬　～ Necro-Fantasy/少女幻葬　～ Necro-Fantasy","幻想的永远祭/幻想の永遠祭"
"梦违科学世纪 ～ Changeability of Strange Dream","童祭　～ Innocent Treasures/童祭　～ Innocent Treasures","华胥之梦/華胥の夢","上海红茶馆　～ Chinese Tea/上海紅茶館　～ Chinese Tea","Voyage1969/ヴォヤージュ1969","科学世纪的少年少女/科学世紀の少年少女","永夜的报应　～ Imperishable Night/永夜の報い　～ Imperishable Night","夜幕降临　～ Evening Star/夜が降りてくる　～ Evening Star","人偶裁判　～ 玩弄人形的少女/人形裁判　～ 人の形弄びし少女","梦境与现实的境界/夢と現の境界","幻想机械　～ Phantom Factory/幻想機械　～ Phantom Factory","幽玄的枫树　～ Eternal Dream/幽玄の槭樹　～ Eternal Dream"
"卯酉东海道 ～ Retrospective 53 minutes","广重36号　～ Neo Super-Express/ヒロシゲ36号　～ Neo Super-Express","53分钟的蓝色大海/53ミニッツの青い海","竹取飞翔　～ Lunatic Princess/竹取飛翔　～ Lunatic Princess","彼岸归航　～ Riverside View/彼岸帰航　～ Riverside View","青木原的传说/青木ヶ原の伝説","宇佐大人的白旗/お宇佐さまの素い幡","飘上月球不死之烟/月まで届け不死の煙","回忆京都/レトロスペクティブ京都","Locked Girl　～ 少女密室/ラクトガール　～ 少女密室","千年幻想乡　～ History of the Moon/千年幻想郷　～ History of the Moon","最澄澈的空与海/最も澄みわたる空と海"
"大空魔术 ～ Magical Astronomy","欢迎来到月面旅行团/月面ツアーへようこそ","天空的格林尼治/天空のグリニッジ","东之国的不眠夜/東の国の眠らない夜","轮椅上的未来宇宙/車椅子の未来宇宙","Demystify Feast/Demystify Feast","卫星露天咖啡屋/衛星カフェテラス","G Free/G Free","大空魔术　～ Magical Astronomy/大空魔術　～ Magical Astronomy","Necro-Fantasia/ネクロファンタジア","月的另一侧/向こう側の月"
"未知之花 魅知之旅","未知之花 魅知之旅/未知の花 魅知の旅","无间之钟　～ Infinite Nightmare/無間の鐘　～ Infinite Nightmare","明日之盛，昨日之俗/明日ハレの日、ケの昨日"
"鸟船遗迹 ～ Trojan Green Asteroid","卫星鸟船/衛星トリフネ","特洛伊群的密林/トロヤ群の密林","Desire Drive/デザイアドライブ","妖精冒险谭/フェアリー冒険譚","天鸟船神社/天鳥船神社","夜空中的UFO恋曲/夜空のユーフォーロマンス","哈德曼的妖怪少女/ハルトマンの妖怪少女","天鸟船神社的结界/天鳥船神社の結界","感情的摩天楼　～ Cosmic Mind/感情の摩天楼　～ Cosmic Mind","漂浮于宇宙之中的幻想乡/宇宙に浮かぶ幻想郷"
"伊奘诺物质 ～ Neo-traditionalism of Japan.","绿意盎然的疗养院/緑のサナトリウム","被牛引到善光寺/牛に引かれて善光寺参り","Heartfelt Fancy/ハートフェルトファンシー","第六十年的东方审判　～ Fate of Sixty Years/六十年目の東方裁判　～ Fate of Sixty Years","阿加尔塔之风/アガルタの風","伊奘诺物质/イザナギオブジェクト","后院的妖怪参拜道/妖怪裏参道","未知物Ｘ　～ Unfound Adventure/アンノウンＸ　～ Unfound Adventure","收集日本各地的不可思议/日本中の不思議を集めて","在美妙的墓地里住下吧/素敵な墓場で暮しましょ"
"燕石博物志　～ Dr.Latency's Freak Report.","天真无邪的二人的博物志/他愛も無い二人の博物誌","冻结的永远之都/凍り付いた永遠の都","Dr. Latency的令人不眠之瞳/Dr.レイテンシーの眠れなくなる瞳","九月的南瓜/九月のパンプキン","比普朗克更短的须臾/須臾はプランクを超えて","薛定谔的怪猫/シュレディンガーの化猫","沉向空中的辉针城/空中に沈む輝針城","禁忌的膜壁/禁忌の膜壁","故乡之星倒映之海/故郷の星が映る海","Pure Furies　～ 心之所在/ピュアヒューリーズ　～ 心の在処","永远的三日天下/永遠の三日天下"
"旧约酒吧　～ Dateless Bar ""Old Adam"".","Bar·Old Adam/バー?オールドアダム","燕石博物志所带来的黑暗/燕石博物誌が連れてきた闇","Reverse Ideology/リバースイデオロギー","Outsider Cocktail/アウトサイダーカクテル","大神神话传/大神神話伝","Pandemonic Planet/パンデモニックプラネット","旧世界的冒险酒吧/旧世界の冒険酒場","魔界地方都市秘境/魔界地方都市エソテリア","亡失的情感/亡失のエモーション","宿醉者的同床异梦/二日酔いの同床異夢"
"幺乐团的历史 ～ Akyu's Untouched Score vol.1","幻想乡　～ Lotus Land Story/幻想郷　～ Lotus Land Story","Witching Dream/Witching Dream","Selene's light/Selene's light","装饰战　～ Decoration Battle/装飾戦　～ Decoration Battle","Break the Sabbath/Break the Sabbath","红响曲　～ Scarlet Phoneme/紅響曲　～ Scarlet Phoneme","Bad Apple!!/Bad Apple!!","灵战　～ Perdition crisis/霊戦　～ Perdition crisis","Alice Maestra/アリスマエステラ","少女绮想曲　～ Capriccio/少女綺想曲　～ Capriccio","星之器　～ Casket of Star/星の器　～ Casket of Star","Lotus Love/Lotus Love","沉睡的恐怖　～ Sleeping Terror/眠れる恐怖　～ Sleeping Terror","Dream Land/Dream Land","幽梦　～ Inanimate Dream/幽夢　～ Inanimate Dream","不可不禁止的游戏/禁じざるをえない遊戯","女仆幻想　～ Icemilk Magic/メイド幻想　～ Icemilk Magic","可爱的恶魔　～ Innocence/かわいい悪魔　～ Innocence","Days/Days","Peaceful/Peaceful","Arcadian Dream/Arcadian Dream","幻想的居民/幻想の住人","Lotus Road/Lotus Road","Dreamy pilot/Dreamy pilot","Incomplete Plot/Incomplete Plot","Border Land/Border Land","Magic Shop of Raspberry/Magic Shop of Raspberry","Crescent Dream/Crescent Dream","装饰战　～ Decoration Battle（未使用版本）/装飾戦　～ Decoration Battle（未使用バージョン）","幽梦　～ Inanimate Dream（未使用版本）/幽夢　～ Inanimate Dream（未使用バージョン）"
"幺乐团的历史 ～ Akyu's Untouched Score vol.2","怪绮谈　～ Mystic Square/怪綺談　～ Mystic Square","Dream Express/Dream Express","魔法阵　～ Magic Square/魔法陣　～ Magic Square","梦想时空/夢想時空","灵天　～ Spiritual Heaven/霊天　～ Spiritual Heaven","Romantic Children/Romantic Children","Plastic Mind/プラスチックマインド","Maple Wise/メイプルワイズ","禁忌的魔法　～ Forbidden Magic/禁断の魔法　～ Forbidden Magic","绯红的少女　～ Crimson Dead!!/真紅の少女　～ Crimson Dead!!","背叛的少女　～ Judas Kiss/裏切りの少女　～ Judas Kiss","the Last Judgement/the Last Judgement","可悲的人偶　～ Doll of Misery/悲しき人形　～ Doll of Misery","世界的尽头　～ World's End/世界の果て　～ World's End","神话幻想　～ Infinite Being/神話幻想　～ Infinite Being","不可思议之国的爱丽丝/不思議の国のアリス","the Grimoire of Alice/the Grimoire of Alice","神社/神社","Endless/Endless","永远的乐园/久遠の楽園","Mystic Dream/Mystic Dream","灵魂安息之所/魂の休らむ所","Peaceful Romancer/Peaceful Romancer"
"幺乐团的历史 ～ Akyu's Untouched Score vol.3","东方封魔录　～ 净土曼茶罗/東方封魔録　～ 浄土曼荼羅","博丽　～ Eastern Wind/博麗　～ Eastern Wind","She's in a temper!!/She's in a temper!!","End of Daylight/End of Daylight","黑暗的力量/やみのちから","幻梦界/幻夢界","以死相赌/死を賭して","神篱，如紫色火焰般燃烧/ひもろぎ、むらさきにもえ","恋色Magic/恋色マジック","东方封魔录　～ 幽幻乱舞/東方封魔録　～ 幽幻乱舞","Complete Darkness/Complete Darkness","Extra Love/エキストララブ","战车娘所做的梦/戦車むすめのみるゆめ","远野之森/遠野の森","传说中的仙境/昔話わんだーらんど","博丽神社境内/博麗神社境内","夕阳下落/陽落ちて","封魔终演/封魔終演"
"幺乐团的历史 ～ Akyu's Untouched Score vol.4","梦想超越时空/夢は時空を越えて","Selection/Selection","东方妖恋谈/東方妖恋談","Reincarnation/Reincarnation","Dim. Dream/Dim. Dream","Tabula rasa　～ 空白少女/Tabula rasa　～ 空白少女","Maniacal Princess/Maniacal Princess","梦消失　～ Lost Dream/夢消失　～ Lost Dream","梦幻游戏　～ Dream War/夢幻遊戯　～ Dream War","胜利的示范/勝利デモ","魔法决战！　～ Fight it out!/魔法決戦！　～ Fight it out!","非统一魔法世界论/非統一魔法世界論","Sailor of Time/Sailor of Time","魔法钟爱/魔法鐘愛","Strawberry Crisis!!/Strawberry Crisis!!","久远之梦/久遠の夢","东方的蓝色天空/東方の青い空","永远的满月/永遠の満月","Maple Dream.../Maple Dream...","Game Over/ゲームオーバー","灵人的休息日/霊人の休日","时之风/時の風","Starbow Dream/スターボウドリーム","Phantasmagoria/Phantasmagoria"
"幺乐团的历史 ～ Akyu's Untouched Score vol.5","A Sacred Lot/A Sacred Lot","永远之巫女/永遠の巫女","The Positive and Negative/The Positive and Negative","Highly Responsive to Prayers/Highly Responsive to Prayers","东方怪奇谈/東方怪奇談","天使传说/天使伝説","Oriental Magician/Oriental Magician","破邪的小太刀/破邪の小太刀","魔镜/魔鏡","the Legend of KAGE/the Legend of KAGE","来吧，直到倒地死去的那一刻/いざ、倒れ逝くその時まで","Civilization of Magic/Civilization of Magic","星幽天使/星幽天使","鸢尾花/アイリス","Theme of Eastern Story/テーマ?オブ?イースタンストーリー"
"幻想曲拔萃","遍参/遍参","东方妖恋谈/東方妖恋談","月轮/月輪","恋色Magic/恋色マジック","东风/あゆのかぜ","女仆与血之怀表/メイドと血の懐中時計","间奏曲/Intermezzo","布加勒斯特的人偶师/ブクレシュティの人形師","魔所/魔所","Locked Girl　～ 少女密室/ラクトガール　～ 少女密室","内心/裏心","广有射怪鸟事　～ Till When?/広有射怪鳥事　～ Till When?","献给已逝公主的七重奏/亡き王女の為のセプテット","幽雅地绽放吧，墨染的樱花　～ Border of Life/幽雅に咲かせ、墨染の桜　～ Border of Life","夏明/夏明き","恋色Magic 体验版Ver/恋色マジック 体験版 Ver","广有射怪鸟事 体验版Ver/広有射怪鳥事 体験版 Ver","东方妖恋谈 二符Arrange/東方妖恋談 弐符アレンジ","恋色Magic 二符Arrange/恋色マジック 弐符アレンジ","女仆与血之怀表 二符Arrange/メイドと血の懐中時計 弐符アレンジ","布加勒斯特的人偶师 二符Arrange/ブクレシュティの人形師 弐符アレンジ","Locked Girl 二符Arrange/ラクトガール 弐符アレンジ","广有射怪鸟事 二符Arrange/広有射怪鳥事 弐符アレンジ","献给已逝公主的七重奏 二符Arrange/亡き王女の為のセプテット 弐符アレンジ","萃梦想/萃夢想","少女绮想曲　～ Capriccio/少女綺想曲　～ Capriccio","森闲/森閑","魔女们的舞会/魔女達の舞踏会","红夜/紅夜","月时计　～ Luna Dial/月時計　～ ルナ?ダイアル","幽境/幽境","人偶裁判/人形裁判","稀客/珍客","巴瓦鲁魔法图书馆/ヴワル魔法図書館","祸机/禍機","东方妖妖梦　～ Ancient Temple/東方妖々夢　～ Ancient Temple","仰空/仰空","Demystify Feast/Demystify Feast","战迅/戦迅","夜幕降临　～ Evening Star/夜が降りてくる　～ Evening Star","碎月/砕月","御伽之国的鬼岛　～ Missing Power/御伽の国の鬼が島　～ Missing Power","东方萃梦想/東方萃夢想","Demystify Feast（Arrange）/Demystify Feast（Arrange）","夜幕降临　～ Evening Star（Arrange）/夜が降りてくる　～ Evening Star（Arrange）","御伽之国的鬼岛（Arrange）/御伽の国の鬼が島（Arrange）","东方萃梦想（Arrange）/東方萃夢想（Arrange）"
"全人类的天乐录","绯想天/緋想天","日常坐卧/日常坐臥","地之色乃黄色/地の色は黄色","甲论乙驳/甲論乙駁","风光明媚/風光明媚","散发着香气的树叶花/香る樹葉花","飞舞的水飞沫/踊る水飛沫","以鱼驱蝇/以魚駆蠅","冷吟闲醉/冷吟閑酔","嘲讽的游戏/嘲りの遊戯","放纵不羁/放縦不羈","云外苍天/雲外蒼天","黑海中的绯红　～ Legendary Fish/黒い海に紅く　～ Legendary Fish","天衣无缝/天衣無縫","有顶天变　～ Wonderful Heaven/有頂天変　～ Wonderful Heaven","幼小的有顶天/幼心地の有頂天","暮色苍然/暮色蒼然","东方绯想天/東方緋想天","绯想天/緋想天","东方妖恋谈/東方妖恋談","星之器　～ Casket of Star/星の器　～ Casket of Star","Flowering Night/フラワリングナイト","布加勒斯特的人偶师/ブクレシュティの人形師","广有射怪鸟事　～ Till When?/広有射怪鳥事　～ Till When?","Locked Girl　～ 少女密室/ラクトガール　～ 少女密室","幽雅地绽放吧，墨染的樱花　～ Border of Life/幽雅に咲かせ、墨染の桜　～ Border of Life","献给已逝公主的七重奏/亡き王女の為のセプテット","夜幕降临/夜が降りてくる","碎月/砕月","狂气之瞳　～ Invisible Full Moon/狂気の瞳　～ Invisible Full Moon","风神少女/風神少女","彼岸归航　～ Riverside View/彼岸帰航　～ Riverside View","黑海中的绯红　～ Legendary Fish/黒い海に紅く　～ Legendary Fish","有顶天变　～ Wonderful Heaven/有頂天変　～ Wonderful Heaven","东方绯想天/東方緋想天"
"核热造神非想天则","你见到了那个影子吗/君はあの影を見たか","萃梦想/萃夢想","信仰是为了虚幻之人/信仰は儚き人間の為に","活泼的纯情小姑娘/おてんば恋娘","上海红茶馆　～ Chinese Tea/上海紅茶館　～ Chinese Tea","灵知的太阳信仰　～ Nuclear Fusion/霊知の太陽信仰　～ Nuclear Fusion","明日之盛，昨日之俗/明日ハレの日、ケの昨日","未知物Ｘ　～ Unfound Adventure/アンノウンＸ　～ Unfound Adventure","空中飘浮的物体Ｘ/空に浮かぶ物体Ｘ","二色莲花蝶　～ Ancients/二色蓮花蝶　～ Ancients","恋色Magic/恋色マジック","the Grimoire of Alice/the Grimoire of Alice","巴瓦鲁魔法图书馆/ヴワル魔法図書館","传说的巨神/伝説の巨神","我们的非想天则/ぼくらの非想天則","人偶存在的风景/人形のある風景","悠久的蒸汽机关/悠久の蒸気機関","未知物Ｘ　～ Unfound Adventure/アンノウンＸ　～ Unfound Adventure","我们的非想天则（完整版）/ぼくらの非想天則 (Full ver.)","巨大的影子与渺小的结局/巨大な影と小さな結末","我们的非想天则（卡拉OK版）/ぼくらの非想天則 (カラオケ ver.)"
"暗黑能乐集心绮楼?","尘世不变的悲观主义～心绮楼囃子/塵界不変のペシミズム～心綺楼囃子","有人气的场所/人気のある場所","春色小径　～ Colorful Path/春色小径　～ Colorful Path","Magus Night/メイガスナイト","守旧老爹与前卫少女/時代親父とハイカラ少女","感情的摩天楼　～ Cosmic Mind/感情の摩天楼　～ Cosmic Mind","大神神话传/大神神話伝","圣德传说　～ True Administrator/聖徳伝説　～ True Administrator","芥川龙之介的河童　～ Candid Friend/芥川龍之介の河童　～ Candid Friend","哈德曼的妖怪少女/ハルトマンの妖怪少女","无人气的场所/人気のない場所","佐渡的二岩/佐渡の二ッ岩","本日的头版头条/本日の一面記事","幻想乡的二岩/幻想郷の二ッ岩","丑时三刻的村庄/丑三つ時の里","亡失的情感/亡失のエモーション","晓云/暁雲","官板黄昏新闻 (Short Version)/官板黄昏新聞 (Short Version)","心绮楼囃子 (Short Version)/心綺楼囃子 (Short Version)","心绮楼祭囃子/心綺楼祭囃子","出演者选择/演者選択","没用上的场所/使われなかった場所","人气爆发／博丽灵梦/人気爆発／博麗霊夢","人气爆发／雾雨魔理沙/人気爆発／霧雨魔理沙","人气爆发／云居一轮＆云山/人気爆発／雲居一輪＆雲山","人气爆发／圣白莲/人気爆発／聖白蓮","人气爆发／物部布都/人気爆発／物部布都","人气爆发／丰聪耳神子/人気爆発／豊聡耳神子","人气爆发／河城荷取/人気爆発／河城にとり","人气爆发／古明地恋/人気爆発／古明地こいし","人气爆发／二岩猯藏/人気爆発／二ッ岩マミゾウ","人气爆发／秦心/人気爆発／秦こころ","Lastword发动/ラストワード発動","官板黄昏新闻/官板黄昏新聞","亡失的情感 (Arrange Version)/亡失のエモーション (Arrange Version)","音轨17/TRACK17"
"深秘乐曲集","震撼心灵的都市传说/心揺さぶる都市伝説","幻想乡不可思议发现/幻想郷ふしぎ発見","有珠子的日常/ボールのある日常","灵异任你选/オカルトアラカルト","显现的传承形态/顕現した伝承の形","七玉搜集大摊牌/七玉蒐集ショウダウン","时代风潮的造访/時代の風の訪れ","公正的争夺/公正なる奪い合い","价值不明/価値がわからない","对跖点之钟/対蹠地の鐘","相信可能性/可能性を信じて","竹林大火/竹林インフレイム","知晓真相之人/真実を知る者","华狭间的战场/華狭間のバトルフィールド","外界民俗/外界フォークロア","Last Occultism　～ 现世的秘术师/ラストオカルティズム　～ 現し世の秘術師","各自的结局/各々の結末","被揭晓的深秘/明かされる深秘","二色莲花蝶 ～ Red and White/二色蓮花蝶 ～ Red and White","恋色Master spark/恋色マスタースパーク","守旧老爹与前卫少女/時代親父とハイカラ少女","感情的摩天楼　～ Cosmic Mind/感情の摩天楼　～ Cosmic Mind","大神神话传/大神神話伝","圣德传说　～ True Administrator/聖徳伝説　～ True Administrator","芥川龙之介的河童　～ Candid Friend/芥川龍之介の河童　～ Candid Friend","哈德曼的妖怪少女/ハルトマンの妖怪少女","幻想乡的二岩/幻想郷の二ッ岩","亡失的情感/亡失のエモーション","飘上月球，不死之烟/月まで届け、不死の煙","辉光之针的小人族　～ Little Princess/輝く針の小人族　～ Little Princess","华狭间的战场/華狭間のバトルフィールド","Last Occultism　～ 现世的秘术师/ラストオカルティズム　～ 現し世の秘術師","被揭晓的深秘/明かされる深秘"
"深秘乐曲集·补","狂气之瞳　～ Invisible Full Moon/狂気の瞳　～ Invisible Full Moon","新竹林大火/ネオ竹林インフレイム","亿万劫之钟/億万劫の鐘","Occult Attract/オカルトアトラクト","境界民俗/境界フォークロア","未知物Ｘ　～ Occultly Madness/アンノウンＸ　～ Occultly Madness","容貌错乱　～ Horrible Night/相貌の狂い　～ Horrible Night"
"完全凭依唱片名录","异变的种子/異変の種子","凭投依合/憑依投合","地之色乃黄色　～ Primrose/地の色は黄色　～ Primrose","Mushroom·Waltz/マッシュルーム?ワルツ","连带责人/連帯責人","圣辇船飞向天空/聖輦船空を往く","法力之下的平等/法力の下の平等","疑惑的萌芽/疑惑の芽生え","合缘奇缘/合縁奇縁","恒常不变的参庙祀/恒常不変の参廟祀","光辉的天球仪/光輝く天球儀","异心同体/異心同体","泽之河童的技术力/沢の河童の技術力","地底绽放的蔷薇/地底に咲く薔薇","在深绿的狸森里/深緑の狸森にて","智略纵横/知略縦横","凭坐处于梦与现实之间　～ Necro-Fantasia/憑坐は夢と現の間に　～ Necro-Fantasia","行云流水/行雲流水","含苞待放的凭依华/未だ蕾む憑依華","通往真相的枝叶/真相へ繋がる枝葉","不灭的赤魂/不滅のレッドソウル","永远延续的回廊/永遠に続く回廊","豪言壮语/壮言大語","落日映照下的逆城/落日に映える逆さ城","心绮楼演舞/心綺楼演舞","意气洋洋/意気揚々","梦世界民俗/夢世界フォークロア","Sleep Sheep·Parade/スリープシープ?パレード","天衣无缝　～ Yellow Lily/天衣無縫　～ Yellow Lily","到达有顶天/至る有頂天","克服万千之试炼/千の試練を超えて","开演间近/開演間近","今宵是飘逸的自我主义者(Live ver)　～ Egoistic Flowers./今宵は飄逸なエゴイスト(Live ver)　～ Egoistic Flowers.","争奇斗艳的凭依华/咲き誇る憑依華","飞舞飘散的凭依华吹雪/舞い散る憑依華吹雪","悠久的蒸汽机关/悠久の蒸気機関","凭依华/憑依華","Last Occultism　～ 现世的秘术师/ラストオカルティズム　～ 現し世の秘術師","永远的春梦/永遠の春夢","辉光之针的小人族　～ Little Princess/輝く針の小人族　～ Little Princess","有顶天变　～ Wonderful Heaven/有頂天変　～ Wonderful Heaven","华狭间的战场/華狭間のバトルフィールド","夜幕降临　～ Evening Star/夜が降りてくる　～ Evening Star","凭坐处于梦与现实之间　～ Necro-Fantasia/憑坐は夢と現の間に　～ Necro-Fantasia","今宵是飘逸的自我主义者　～ Egoistic Flowers./今宵は飄逸なエゴイスト　～ Egoistic Flowers."
"东方求闻史纪 ～ Perfect Memento in Strict Sense. 附属CD","Japanese Saga/ジャパニーズサーガ","阿礼的孩子/阿礼の子供","飞翔在夜晚的鸠山 -Power MIX/夜の鳩山を飛ぶ -Power MIX"
"东方儚月抄 ～ Silent Sinner in Blue. 附属CD","妖怪宇宙旅行/妖怪宇宙旅行","绵月的符卡　～ Lunatic Blue/綿月のスペルカード　～ Lunatic Blue","酒鬼的雷姆利亚 (Retro Ver)/呑んべぇのレムリア (Retro Ver)"
"东方文花帖 ～ Bohemian Archive in Japanese Red. 附属CD","风神少女/風神少女","活泼纯情小姑娘的冒险/おてんば恋娘の冒険","花映塚　～ after Higan Retour/花映塚　～ after Higan Retour"
"The Grimoire of Marisa 附属CD","魔法使的忧郁/魔法使いの憂鬱","斯普特尼克幻夜/スプートニク幻夜"
"东方三月精 ～ Eastern and Little Nature Deity 附属CD","Sunny Rutile Flection/サニールチルフレクション","因夜失眠/夜だから眠れない","妖精灿烂的样子/妖精燦々として"
"东方三月精 ～ Strange and Bright Nature Deity.1 附属CD","桑尼米尔克的红雾异变/サニーミルクの紅霧異変","雪月樱花之国/雪月桜花の国","Star Voyage2008/スターヴォヤージュ2008"
"东方三月精 ～ Strange and Bright Nature Deity.2 附属CD","可爱的大战争叠奏曲/可愛い大戦争のリフレーン","Sunny Rutile Flection/サニールチルフレクション","因夜失眠/夜だから眠れない","妖精灿烂的样子/妖精燦々として"
"东方三月精 ～ Strange and Bright Nature Deity.3 附属CD","妖精冒险谭/フェアリー冒険譚","两个世界/二つの世界"
"东方三月精 ～ Oriental Sacred Place.1 附属CD","神域的捉迷藏生活/神域のかくれんぼ暮らし","现代妖怪殖民地/妖怪モダンコロニー"
"东方三月精 ～ Oriental Sacred Place.2 附属CD","时刻旺盛的好奇心/年中夢中の好奇心","午夜的妖精舞会/真夜中のフェアリーダンス","妖精大战争　～ Fairy Wars/妖精大戦争　～ Fairy Wars"
"东方三月精 ～ Oriental Sacred Place.3 附属CD","Magus Night/メイガスナイト","赌上性命去恶作剧/いたずらに命をかけて","古老的元神/古きユアンシェン"
"东方紫香花 ～Seasonal Dream Vision～ 附属CD","卯月的正月/卯月の正月","五月魔人偶/五月魔人形","看穿真正的雨/本物の雨を見抜け","全都是为了织女/全ては織姫の為に","幻想之夏，妖怪之夏/幻想の夏、妖怪の夏","彼岸街道/彼岸街道","对蓬莱的积雪何所思/蓬莱の冠雪に何を思うか","11月的雨/11月の雨","逝去的一年带来柔软的幻想/過ぎ去る年は柔らかい幻想を運ぶ","幻想元旦/幻想元旦","八方惠方大胆无敌/八方恵方大胆無敵","幻想之樱，三月的紫色/幻想の桜、三月の紫色","第六十年的东方审判/六十年目の東方裁判"
"东方外来韦编 Strange Creators of Outer World. 壱 附属CD","繚乱ノ罪桜","絶縁体","PLAIN ASIA (2015 ALR REWIND REMIX)"
"东方外来韦编 Strange Creators of Outer World. 弐 附属CD","Occult Attract/オカルトアトラクト","永夜的报应　～ Pipes and Fiddle./永夜の報い　～ Pipes and Fiddle.","Last Occultism　～ 现世的秘术师/ラストオカルティズム　～現し世の秘術師"
"东方铃奈庵 ～ Forbidden Scrollery. 附属CD","识文解意的爱书人/判読眼のビブロフィリア","往来于运河的人与妖/運河を行き交う人妖","兔已着陆/兎は舞い降りた"
"东方外来韦编 Strange Creators of Outer World. 参 附属CD","童祭　～ Innocent Treasures","Mist Lake","酒鬼的雷姆利亚"
"东方外来韦编 Strange Creators of Outer World. 肆 附属CD","巡るHarvest","無生命サーフェス","終わる現実と、遥か後方の"
"东方外来韦编 Strange Creators of Outer World. 2018 Spring! 附属CD","键盘旋风少女","哈德曼的睡眠少女","Necro-Fantasia"
"TH01  东方灵异传","A Sacred Lot/A Sacred Lot","永远之巫女/永遠の巫女","The Positive and Negative/The Positive and Negative","Highly Responsive to Prayers/Highly Responsive to Prayers","东方怪奇谈/東方怪奇談","天使传说/天使伝説","Oriental Magician/Oriental Magician","破邪的小太刀/破邪の小太刀","魔镜/魔鏡","The Legend of KAGE/The Legend of KAGE","来吧，直到倒地死去的那一刻/いざ、倒れ逝くその時まで","同归于尽/死なばもろとも","星幽剑士/星幽剣士","鸢尾花/アイリス","风之神社/風の神社"
"TH02 	东方封魔录","东方封魔录　～净土曼荼罗/東方封魔録　～浄土曼荼羅","博丽　～Eastern Wind/博麗　～Eastern Wind","She's in a temper!!/She's in a temper!!","End of Daylight/End of Daylight","黑暗的力量/やみのちから","幻梦界/幻夢界","以死相赌/死を賭して","神篱，如紫色火焰般燃烧/ひもろぎ、むらさきにもえ","恋色Magic/恋色マジック","东方封魔录　～幽幻乱舞/東方封魔録　～幽幻乱舞","Complete Darkness/Complete Darkness","Extra Love/エキストララブ","战车娘所做的梦/戦車むすめのみるゆめ","远野之森/遠野の森","传说中的仙境/昔話わんだーらんど","博丽神社境内/博麗神社境内","夕阳下落/陽落ちて","封魔终演/封魔終演"
"TH03 	东方梦时空","梦想超越时空/夢は時空を越えて","Selection/Selection","东方妖恋谈/東方妖恋談","Reincarnation/Reincarnation","Dim. Dream/Dim. Dream","Tabula rasa　～ 空白少女/Tabula rasa　～ 空白少女","Maniacal Princess/Maniacal Princess","梦消失　～ Lost Dream/夢消失　～ Lost Dream","梦幻游戏　～ Dream War/夢幻遊戯　～ Dream War","魔法决战！　～ Fight it out!/魔法決戦！　～ Fight it out!","Sailor of Time/Sailor of Time","Strawberry Crisis!!/Strawberry Crisis!!","非统一魔法世界论/非統一魔法世界論","魔法钟爱/魔法鐘愛","久远之梦/久遠の夢","东方的蓝色天空/東方の青い空","永远的满月/永遠の満月","Maple Dream.../Maple Dream...","灵人的休息日/霊人の休日","胜利的示范/勝利デモ","Game Over/ゲームオーバー","时之风/時の風","Starbow Dream/スターボウドリーム","Phantasmagoria/Phantasmagoria"
"TH04 	东方幻想乡","幻想乡　～ Lotus Land Story/幻想郷　～ Lotus Land Story","Witching Dream/Witching Dream","Selene's light/Selene's light","装饰战　～ Decoration Battle/装飾戦　～ Decoration Battle","Break the Sabbath/Break the Sabbath","红响曲　～ Scarlet Phoneme/紅響曲　～ Scarlet Phoneme","Bad Apple!!/Bad Apple!!","灵战　～ Perdition crisis/霊戦　～ Perdition crisis","Alice Maestra/アリスマエステラ","少女绮想曲　～ Capriccio/少女綺想曲　～ Capriccio","星之器　～ Casket of Star/星の器　～ Casket of Star","Lotus Love/Lotus Love","沉睡的恐怖　～Sleeping Terror/眠れる恐怖　～Sleeping Terror","Dream Land/Dream Land","幽梦　～ Inanimate Dream/幽夢　～ Inanimate Dream","不可不禁止的游戏/禁じざるをえない遊戯","女仆幻想　～ Icemilk Magic/メイド幻想　～ Icemilk Magic","可爱的恶魔　～ Innocence/かわいい悪魔　～ Innocence","Days/Days","Peaceful/Peaceful","Arcadian Dream/Arcadian Dream","幻想的居民/幻想の住人","Lotus Road/Lotus Road","Dreamy pilot/Dreamy pilot","Incomplete Plot/Incomplete Plot","Border Land/Border Land","Magic Shop of Raspberry/Magic Shop of Raspberry","Crescent Dream/Crescent Dream"
"TH05 	东方怪绮谈","怪绮谈　～ Mystic Square/怪綺談　～ Mystic Square","Dream Express/Dream Express","魔法阵　～ Magic Square/魔法陣　～ Magic Square","梦想时空/夢想時空","灵天　～ Spiritual Heaven/霊天　～ Spiritual Heaven","Romantic Children/Romantic Children","Plastic Mind/プラスチックマインド","Maple Wise/メイプルワイズ","禁忌的魔法　～ Forbidden Magic/禁断の魔法　～ Forbidden Magic","绯红的少女　～ Crimson Dead!!/真紅の少女　～ Crimson Dead!!","背叛的少女　～ Judas Kiss/裏切りの少女　～ Judas Kiss","the Last Judgement/the Last Judgement","可悲的人偶　～ Doll of Misery/悲しき人形　～ Doll of Misery","世界的尽头　～ World's End/世界の果て　～ World's End","神话幻想　～ Infinite Being/神話幻想　～ Infinite Being","不可思议之国的爱丽丝/不思議の国のアリス","the Grimoire of Alice/the Grimoire of Alice","神社/神社","Endless/Endless","永远的乐园/久遠の楽園","Mystic Dream/Mystic Dream","Peaceful Romancer/Peaceful Romancer","灵魂安息之所/魂の休らむ所"
"TH06 	东方红魔乡","比赤色更红的梦/赤より紅い夢","如鬼灯般的红色之魂/ほおずきみたいに紅い魂","妖魔夜行/妖魔夜行","Lunate Elf/ルーネイトエルフ","活泼的纯情小姑娘/おてんば恋娘","上海红茶馆　～ Chinese Tea/上海紅茶館　～ Chinese Tea","明治十七年的上海爱丽丝/明治十七年の上海アリス","巴瓦鲁魔法图书馆/ヴワル魔法図書館","Locked Girl　～ 少女密室/ラクトガール　～ 少女密室","女仆与血之怀表/メイドと血の懐中時計","月时计　～ Luna Dial/月時計　～ ルナ?ダイアル","特佩斯的年幼末裔/ツェペシュの幼き末裔","献给已逝公主的七重奏/亡き王女の為のセプテット","魔法少女们的百年祭/魔法少女達の百年祭","U.N.OWEN就是她吗？/U.N.オーエンは彼女なのか？","比红色更虚无的永远/紅より儚い永遠","红楼　～ Eastern Dream.../紅楼　～ Eastern Dream..."
"TH07 	东方妖妖梦","妖妖梦　～ Snow or Cherry Petal/妖々夢　～ Snow or Cherry Petal","无何有之乡　～ Deep Mountain/無何有の郷　～ Deep Mountain","Crystallize Silver/クリスタライズシルバー","远野幻想物语/遠野幻想物語","凋叶棕（withered leaf）/ティアオイエツォン(withered leaf)","布加勒斯特的人偶师/ブクレシュティの人形師","人偶裁判　～ 玩弄人形的少女/人形裁判　～ 人の形弄びし少女","天空的花都/天空の花の都","幽灵乐团　～ Phantom Ensemble/幽霊楽団　～ Phantom Ensemble","东方妖妖梦　～ Ancient Temple/東方妖々夢　～ Ancient Temple","广有射怪鸟事　～ Till When?/広有射怪鳥事　～ Till When?","Ultimate Truth/アルティメットトゥルース","幽雅地绽放吧，墨染的樱花　～ Border of Life/幽雅に咲かせ、墨染の桜　～ Border of Life","Border of Life/ボーダーオブライフ","妖妖跋扈/妖々跋扈","少女幻葬　～ Necro-Fantasy/少女幻葬　～ Necro-Fantasy","妖妖跋扈　～ Who done it!/妖々跋扈　～ Who done it!","Necro-Fantasia/ネクロファンタジア","春风之梦/春風の夢","樱花樱花　～ Japanize Dream.../さくらさくら　～ Japanize Dream..."
"TH07.5  东方萃梦想","萃梦想/萃夢想","东方妖恋谈/東方妖恋談","少女绮想曲　～ Capriccio/少女綺想曲　～ Capriccio","恋色Magic/恋色マジック","魔女们的舞会/魔女達の舞踏会","女仆与血之怀表/メイドと血の懐中時計","月时计　～ Luna Dial/月時計　～ ルナ?ダイアル","布加勒斯特的人偶师/ブクレシュティの人形師","人偶裁判/人形裁判","Locked Girl　～ 少女密室/ラクトガール　～ 少女密室","巴瓦鲁魔法图书馆/ヴワル魔法図書館","广有射怪鸟事　～ Till When?/広有射怪鳥事　～ Till When?","东方妖妖梦　～ Ancient Temple/東方妖々夢　～ Ancient Temple","献给已逝公主的七重奏/亡き王女の為のセプテット","幽雅地绽放吧，墨染的樱花　～ Border of Life/幽雅に咲かせ、墨染の桜　～ Border of Life","Demystify Feast/Demystify Feast","夜幕降临　～ Evening Star/夜が降りてくる　～ Evening Star","御伽之国的鬼岛　～ Missing Power/御伽の国の鬼が島　～ Missing Power","夏明/夏明き","东方萃梦想/東方萃夢想","魔所/魔所","月轮/月輪","遍参/遍参","内心/裏心","间奏曲/Intermezzo","东风/あゆのかぜ","森闲/森閑","仰空/仰空","幽境/幽境","稀客/珍客","红夜/紅夜","战迅/戦迅","祸机/禍機","碎月/砕月"
"TH08 	东方永夜抄","永夜抄　～ Eastern Night./永夜抄　～ Eastern Night.","幻视之夜　～ Ghostly Eyes/幻視の夜　～ Ghostly Eyes","蠢蠢的秋月　～ Mooned Insect/蠢々秋月　～ Mooned Insect","夜雀的歌声　～ Night Bird/夜雀の歌声　～ Night Bird","已经只能听见歌声了/もう歌しか聞こえない","令人怀念的东方之血　～ Old World/懐かしき東方の血　～ Old World","Plain Asia/プレインエイジア","永夜的报应　～ Imperishable Night/永夜の報い　～ Imperishable Night","少女绮想曲　～ Dream Battle/少女綺想曲　～ Dream Battle","恋色Master spark/恋色マスタースパーク","灰姑娘的笼子　～ Kagome-Kagome/シンデレラケージ　～ Kagome-Kagome","狂气之瞳　～ Invisible Full Moon/狂気の瞳　～ Invisible Full Moon","Voyage1969/ヴォヤージュ1969","千年幻想乡　～ History of the Moon/千年幻想郷　～ History of the Moon","竹取飞翔　～ Lunatic Princess/竹取飛翔　～ Lunatic Princess","Voyage1970/ヴォヤージュ1970","Extend Ash　～ 蓬莱人/エクステンドアッシュ　～ 蓬莱人","飘上月球，不死之烟/月まで届け、不死の煙","月见草/月見草","Eternal Dream　～ 幽玄的枫树/Eternal Dream　～ 幽玄の槭樹","东方妖怪小町/東方妖怪小町"
"TH09 	东方花映塚","花映塚　～ Higan Retour/花映塚　～ Higan Retour","春色小径　～ Colorful Path/春色小径　～ Colorful Path","Oriental Dark Flight/オリエンタルダークフライト","Flowering Night/フラワリングナイト","东方妖妖梦　～ Ancient Temple/東方妖々夢　～ Ancient Temple","狂气之瞳　～ Invisible Full Moon/狂気の瞳　～ Invisible Full Moon","活泼纯情小姑娘的冒险/おてんば恋娘の冒険","幽灵乐团　～ Phantom Ensemble/幽霊楽団　～ Phantom Ensemble","已经只能听见歌声了　～ Flower Mix/もう歌しか聞こえない　～ Flower Mix","宇佐大人的白旗/お宇佐さまの素い幡","风神少女(Short Version)/風神少女(Short Version)","剧毒身体　～ Forsaken Doll/ポイズンボディ　～ Forsaken Doll","今昔幻想乡　～ Flower Land/今昔幻想郷　～ Flower Land","彼岸归航　～ Riverside View/彼岸帰航　～ Riverside View","第六十年的东方审判　～ Fate of Sixty Years/六十年目の東方裁判　～ Fate of Sixty Years","映花之塚/花の映る塚","此岸之塚/此岸の塚","花如幻想一般/花は幻想のままに","魂之花　～ Another Dream.../魂の花　～ Another Dream..."
"TH09.5  东方文花帖","天狗的笔记　～　Mysterious Note/天狗の手帖　～　Mysterious Note","风的循环　～　Wind Tour/風の循環　～　Wind Tour","天狗正凝视着　～　Black Eyes/天狗が見ている　～　Black Eyes","东之国的不眠夜/東の国の眠らない夜","回忆京都/レトロスペクティブ京都","风神少女/風神少女"
"TH10 	东方风神录","被封印的众神/封印されし神々","眷爱众生之神　～ Romantic Fall/人恋し神様　～ Romantic Fall","会受稻田姬的斥责啦/稲田姫様に叱られるから","厄神降临之路　～ Dark Road/厄神様の通り道　～ Dark Road","命运的阴暗面/運命のダークサイド","众神眷恋的幻想乡/神々が恋した幻想郷","芥川龙之介的河童　～ Candid Friend/芥川龍之介の河童　～ Candid Friend","Fall of Fall　～ 秋意渐浓之瀑/フォールオブフォール　～ 秋めく滝","妖怪之山　～ Mysterious Mountain/妖怪の山　～ Mysterious Mountain","少女曾见的日本原风景/少女が見た日本の原風景","信仰是为了虚幻之人/信仰は儚き人間の為に","御柱的墓场　～ Grave of Being/御柱の墓場　～ Grave of Being","神圣庄严的古战场　～ Suwa Foughten Field/神さびた古戦場　～ Suwa Foughten Field","明日之盛，昨日之俗/明日ハレの日、ケの昨日","Native Faith/ネイティブフェイス","山脚的神社/麓の神社","神明降下恩惠之雨　～ Sylphid Dream/神は恵みの雨を降らす　～ Sylphid Dream","Player's Score/プレイヤーズスコア"
"TH10.5  东方绯想天","绯想天/緋想天","日常坐卧/日常坐臥","地之色乃黄色/地の色は黄色","甲论乙驳/甲論乙駁","风光明媚/風光明媚","散发着香气的树叶花/香る樹葉花","飞舞的水飞沫/踊る水飛沫","以鱼驱蝇/以魚駆蠅","放纵不羁/放縦不羈","嘲讽的游戏/嘲りの遊戯","冷吟闲醉/冷吟閑酔","云外苍天/雲外蒼天","黑海中的绯红　～ Legendary Fish/黒い海に紅く　～ Legendary Fish","天衣无缝/天衣無縫","有顶天变　～ Wonderful Heaven/有頂天変　～ Wonderful Heaven","幼小的有顶天/幼心地の有頂天","暮色苍然/暮色蒼然","东方绯想天/東方緋想天","东方妖恋谈/東方妖恋談","星之器　～ Casket of Star/星の器　～ Casket of Star","Flowering Night/フラワリングナイト","布加勒斯特的人偶师/ブクレシュティの人形師","广有射怪鸟事　～ Till When?/広有射怪鳥事　～ Till When?","Locked Girl　～ 少女密室/ラクトガール　～ 少女密室","幽雅地绽放吧，墨染的樱花 ～ Border of Life/幽雅に咲かせ、墨染の桜　～ Border of Life","献给已逝公主的七重奏/亡き王女の為のセプテット","夜幕降临/夜が降りてくる","碎月/砕月","狂气之瞳　～ Invisible Full Moon/狂気の瞳　～ Invisible Full Moon","风神少女/風神少女","彼岸归航　～ Riverside View/彼岸帰航　～ Riverside View"
"TH11 	东方地灵殿","地灵们的起床/地霊達の起床","昏暗的风穴/暗闇の風穴","被封印的妖怪 ～ Lost Place/封じられた妖怪 ～ Lost Place","阻绝人迹之桥/渡る者の途絶えた橋","绿眼的嫉妒/緑眼のジェラシー","漫游旧地狱街道/旧地獄街道を行く","大江山的花之酒宴/華のさかづき大江山","Heartfelt Fancy/ハートフェルトファンシー","少女觉 ～ 3rd eye/少女さとり ～ 3rd eye","废狱摇篮曲/廃獄ララバイ","尸体旅行　～ Be of good cheer!/死体旅行　～ Be of good cheer!","业火地幔/業火マントル","灵知的太阳信仰　～ Nuclear Fusion/霊知の太陽信仰　～ Nuclear Fusion","Last Remote/ラストリモート","哈德曼的妖怪少女/ハルトマンの妖怪少女","地灵们的归家/地霊達の帰宅","能源黎明 ～ Future Dream.../エネルギー黎明 ～ Future Dream...","Player's Score/プレイヤーズスコア"
"TH12 	东方星莲船","青空之影/青空の影","春之岸边/春の湊に","小小的贤将/小さな小さな賢将","封闭的云中通路/閉ざせし雲の通い路","请注意万年备用伞/万年置き傘にご注意を","Sky Ruin/スカイルーイン","守旧老爹与前卫少女/時代親父とハイカラ少女","幽灵客船的穿越时空之旅/幽霊客船の時空を越えた旅","Captain Murasa/キャプテン?ムラサ","魔界地方都市秘境/魔界地方都市エソテリア","虎纹的毘沙门天/虎柄の毘沙門天","法界之火/法界の火","感情的摩天楼　～ Cosmic Mind/感情の摩天楼　～ Cosmic Mind","夜空中的UFO恋曲/夜空のユーフォーロマンス","平安时代的外星人/平安のエイリアン","妖怪寺/妖怪寺","空中的归路　～　Sky Dream/空の帰り道　～　Sky Dream","Player's Score/プレイヤーズスコア"
"TH12.3  东方非想天则","你见到了那个影子吗/君はあの影を見たか","萃梦想/萃夢想","传说的巨神/伝説の巨神","我们的非想天则/ぼくらの非想天則","人偶存在的风景/人形のある風景","悠久的蒸汽机关/悠久の蒸気機関","信仰是为了虚幻之人/信仰は儚き人間の為に","活泼的纯情小姑娘/おてんば恋娘","上海红茶馆　～ Chinese Tea/上海紅茶館　～ Chinese Tea","灵知的太阳信仰　～ Nuclear Fusion/霊知の太陽信仰　～ Nuclear Fusion","明日之盛，昨日之俗/明日ハレの日、ケの昨日","未知物Ｘ　～ Unfound Adventure/アンノウンＸ　～ Unfound Adventure","空中飘浮的物体Ｘ/空に浮かぶ物体Ｘ","二色莲花蝶　～ Ancients/二色蓮花蝶　～ Ancients","恋色Magic/恋色マジック","the Grimoire of Alice/the Grimoire of Alice","巴瓦鲁魔法图书馆/ヴワル魔法図書館","东方妖恋谈/東方妖恋談","巨大的影子与渺小的结局/巨大な影と小さな結末"
"TH12.5  DS东方文花帖","Newshound/ニュースハウンド","你所在之城的怪事/あなたの町の怪事件","现代妖怪殖民地/妖怪モダンコロニー","复仇女神的要塞/ネメシスの要塞","无间之钟　～ Infinite Nightmare/無間の鐘　～ Infinite Nightmare","妖怪之山　～ Mysterious Mountain/妖怪の山　～ Mysterious Mountain","曲名不详/曲名不詳"
"TH12.8  妖精大战争","春之冰精/春の氷精","可爱的大战争叠奏曲/可愛い大戦争のリフレーン","赌上性命去恶作剧/いたずらに命をかけて","时刻旺盛的好奇心/年中夢中の好奇心","午夜的妖精舞会/真夜中のフェアリーダンス","妖精大战争　～ Fairy Wars/妖精大戦争　～ Fairy Wars","Loose Rain/ルーズレイン","Magus Night/メイガスナイト","春之冰精　- 静 -/春の氷精　- 静 -","Player's Score/プレイヤーズスコア"
"TH13 	东方神灵庙","欲望深重的灵魂/欲深き霊魂","死灵的夜樱/死霊の夜桜","Ghost Lead/ゴーストリード","欢迎来到妖怪寺/妖怪寺へようこそ","门前的妖怪小姑娘/門前の妖怪小娘","在美妙的墓地里住下吧/素敵な墓場で暮しましょ","Rigid Paradise/リジッドパラダイス","Desire Drive/デザイアドライブ","古老的元神/古きユアンシェン","梦殿大祀庙/夢殿大祀廟","大神神话传/大神神話伝","小小欲望的星空/小さな欲望の星空","圣德传说 ～ True Administrator/聖徳伝説 ～ True Administrator","后院的妖怪参拜道/妖怪裏参道","佐渡的二岩/佐渡の二ッ岩","神社的新风/神社の新しい風","Desire Dream/デザイアドリーム","Player's Score/プレイヤーズスコア"
"TH13.5 	东方心绮楼","春色小径　～ Colorful Path/春色小径　～ Colorful Path","Magus Night/メイガスナイト","守旧老爹与前卫少女/時代親父とハイカラ少女","感情的摩天楼　～ Cosmic Mind/感情の摩天楼　～ Cosmic Mind","大神神话传/大神神話伝","圣德传说　～ True Administrator/聖徳伝説　～ True Administrator","芥川龙之介的河童　～ Candid Friend/芥川龍之介の河童　～ Candid Friend","哈德曼的妖怪少女/ハルトマンの妖怪少女","佐渡的二岩/佐渡の二ッ岩","幻想乡的二岩/幻想郷の二ッ岩","亡失的情感/亡失のエモーション","尘世不变的悲观主义/塵界不変のペシミズム","心绮楼囃子/心綺楼囃子","有人气的场所/人気のある場所","无人气的场所/人気のない場所","丑时三刻的村庄/丑三つ時の里","本日的头版头条/本日の一面記事","晓云/暁雲","官板黄昏新闻/官板黄昏新聞"
"TH14 	东方辉针城","不可思议的驱魔棒/不思議なお祓い棒","Mist Lake/ミストレイク","秘境的人鱼/秘境のマーメイド","往来于运河的人与妖/運河を行き交う人妖","柳树下的杜拉罕/柳の下のデュラハン","满月的竹林/満月の竹林","孤独的狼人/孤独なウェアウルフ","Magical Storm/マジカルストーム","幻想净琉璃/幻想浄瑠璃","沉向空中的辉针城/空中に沈む輝針城","Reverse Ideology/リバースイデオロギー","针小棒大的天守阁/針小棒大の天守閣","辉光之针的小人族　～ Little Princess/輝く針の小人族　～ Little Princess","魔力的雷云/魔力の雷雲","原初的节拍　～ Pristine Beat/始原のビート　～ Pristine Beat","小槌的魔力/小槌の魔力","非常非常神奇的道具们/不思議な不思議な道具達","Player's Score/プレイヤーズスコア"
"TH14.3 	弹幕天邪鬼","燃起犯规的狼烟/反則の狼煙を上げろ","以犯规对不可能的弹幕/不可能弾幕には反則を","Midnight Spell Card/ミッドナイトスペルカード","浪漫逃飞行/ロマンチック逃飛行","永远的三日天下/永遠の三日天下","秘境的人鱼/秘境のマーメイド","Reverse Ideology/リバースイデオロギー","幻想净琉璃/幻想浄瑠璃","妖怪之山　～ Mysterious Mountain/妖怪の山　～ Mysterious Mountain","Player's Score/プレイヤーズスコア"
"TH14.3 	弹幕天邪鬼 Gold Rush","燃起犯规的狼烟/反則の狼煙を上げろ","辉光之针的小人族　～ Little Princess/輝く針の小人族　～ Little Princess"
"TH14.5 	东方深秘录","二色莲花蝶　～ Red and White/二色蓮花蝶　～ Red and White","恋色Master spark/恋色マスタースパーク","守旧老爹与前卫少女/時代親父とハイカラ少女","感情的摩天楼　～ Cosmic Mind/感情の摩天楼　～ Cosmic Mind","大神神话传/大神神話伝","圣德传说　～ True Administrator/聖徳伝説　～ True Administrator","芥川龙之介的河童　～ Candid Friend/芥川龍之介の河童　～ Candid Friend","哈德曼的妖怪少女/ハルトマンの妖怪少女","幻想乡的二岩/幻想郷の二ッ岩","亡失的情感/亡失のエモーション","飘上月球，不死之烟/月まで届け、不死の煙","辉光之针的小人族　～ Little Princess/輝く針の小人族　～ Little Princess","震撼心灵的都市传说/心揺さぶる都市伝説","幻想乡不可思议发现/幻想郷ふしぎ発見","有珠子的日常/ボールのある日常","显现的传承形态/顕現した伝承の形","时代风潮的造访/時代の風の訪れ","价值不明/価値がわからない","相信可能性/可能性を信じて","知晓真相之人/真実を知る者","外界民俗/外界フォークロア","各自的结局/各々の結末","被揭晓的深秘/明かされる深秘","灵异任你选/オカルトアラカルト","七玉搜集大摊牌/七玉蒐集ショウダウン","公正的争夺/公正なる奪い合い","对跖点之钟/対蹠地の鐘","竹林大火/竹林インフレイム","华狭间的战场/華狭間のバトルフィールド","Last Occultism　～ 现世的秘术师/ラストオカルティズム　～ 現し世の秘術師"
"TH15 	东方绀珠传","宇宙巫女现身/宇宙巫女現る","忘不了，那曾依藉的绿意/忘れがたき、よすがの緑","兔已着陆/兎は舞い降りた","湖上倒映着洁净的月光/湖は浄めの月光を映して","九月的南瓜/九月のパンプキン","飞翔于宇宙的不可思议巫女/宇宙を飛ぶ不思議な巫女","永远的春梦/永遠の春夢","冻结的永远之都/凍り付いた永遠の都","逆转的命运之轮/逆転するホイールオブフォーチュン","遥遥38万公里的航程/遥か３８万キロのボヤージュ","星条旗的小丑/星条旗のピエロ","故乡之星倒映之海/故郷の星が映る海","Pure Furies　～ 心之所在/ピュアヒューリーズ　～ 心の在処","前所未见的噩梦世界/見た事も無い悪夢の世界","Pandemonic Planet/パンデモニックプラネット","从神社所见之月/神社から見える月","宇宙巫女归还/宇宙巫女帰還する","Player's Score/プレイヤーズスコア"
"TH15.5 	东方凭依华","二色莲花蝶　～ Red and White/二色蓮花蝶　～ Red and White","恋色Master spark/恋色マスタースパーク","守旧老爹与前卫少女/時代親父とハイカラ少女","感情的摩天楼　～ Cosmic Mind/感情の摩天楼　～ Cosmic Mind","大神神话传/大神神話伝","圣德传说　～ True Administrator/聖徳伝説　～ True Administrator","芥川龙之介的河童　～ Candid Friend/芥川龍之介の河童　～ Candid Friend","哈德曼的妖怪少女/ハルトマンの妖怪少女","幻想乡的二岩/幻想郷の二ッ岩","亡失的情感/亡失のエモーション","飘上月球，不死之烟/月まで届け、不死の煙","辉光之针的小人族　～ Little Princess/輝く針の小人族　～ Little Princess","华狭间的战场/華狭間のバトルフィールド","Last Occultism ~现世的秘术师/ラストオカルティズム　～ 現し世の秘術師","狂气之瞳　～ Invisible Full Moon/狂気の瞳　～ Invisible Full Moon","永远的春梦/永遠の春夢","有顶天变　～ Wonderful Heaven/有頂天変　～ Wonderful Heaven","夜幕降临　～ Evening Star/夜が降りてくる　～ Evening Star","地之色乃黄色　～ Primrose/地の色は黄色　～ Primrose","Mushroom·Waltz/マッシュルーム?ワルツ","圣辇船飞向天空/聖輦船空を往く","法力之下的平等/法力の下の平等","恒常不变的参庙祀/恒常不変の参廟祀","光辉的天球仪/光輝く天球儀","泽之河童的技术力/沢の河童の技術力","地底绽放的蔷薇/地底に咲く薔薇","在深绿的狸森里/深緑の狸森にて","心绮楼演舞/心綺楼演舞","不灭的赤魂/不滅のレッドソウル","落日映照下的逆城/落日に映える逆さ城","克服万千之试炼/千の試練を超えて","梦世界民俗/夢世界フォークロア","永远延续的回廊/永遠に続く回廊","Sleep Sheep·Parade/スリープシープ?パレード","到达有顶天/至る有頂天","凭坐处于梦与现实之间　～ Necro-Fantasia/憑坐は夢と現の間に　～ Necro-Fantasia","今宵是飘逸的自我主义者(Live ver)　～ Egoistic Flowers./今宵は飄逸なエゴイスト(Live ver)　～ Egoistic Flowers.","Occult Attract/オカルトアトラクト","新竹林大火/ネオ竹林インフレイム","亿万劫之钟/億万劫の鐘","未知物X　～ Occultly Madness/アンノウンX　～ Occultly Madness","凭投依合/憑依投合","连带责人/連帯責人","合缘奇缘/合縁奇縁","异心同体/異心同体","豪言壮语/壮言大語","智略纵横/知略縦横","意气洋洋/意気揚々","开演间近/開演間近","天衣无缝　～ Yellow Lily/天衣無縫　～ Yellow Lily","行云流水/行雲流水","异变的种子/異変の種子","疑惑的萌芽/疑惑の芽生え","含苞待放的凭依华/未だ蕾む憑依華","通往真相的枝叶/真相へ繋がる枝葉","争奇斗艳的凭依华/咲き誇る憑依華","飞舞飘散的凭依华吹雪/舞い散る憑依華吹雪","悠久的蒸汽机关/悠久の蒸気機関"
"TH16 	东方天空璋","樱花舞落的天空/桜舞い散る天空","希望之星直升青霄/希望の星は青霄に昇る","盛夏的妖精梦/真夏の妖精の夢","无色之风吹拂妖怪之山/色無き風は妖怪の山に","深山的遭遇/山奥のエンカウンター","徜徉于樱色之海/桜色の海を泳いで","一对的神兽/一対の神獣","幻想的White Traveler/幻想のホワイトトラベラー","魔法的笠地藏/魔法の笠地蔵","禁断之门对面，是此世还是彼世/禁断の扉の向こうは、この世かあの世か","Crazy Back Dancers/クレイジーバックダンサーズ","Into Backdoor/イントゥ?バックドア","被秘匿的四个季节/秘匿されたフォーシーズンズ","门再也进不去了/もうドアには入れない","秘神摩多罗　～ Hidden Star in All Seasons./秘神マターラ　～ Hidden Star in All Seasons.","不自然的自然/不自然な自然","白色旅人/白い旅人","Player's Score/プレイヤーズスコア"
"TH16.5 	秘封噩梦日记","噩梦日记/悪夢日記","Lucid Dreamer/ルーシッドドリーマー","Lunatic Dreamer/ルナティックドリーマー","Nightmare Diary/ナイトメアダイアリー","Bar·Old Adam/バー?オールドアダム","燕石博物志所带来的黑暗/燕石博物誌が連れてきた闇","永远的春梦/永遠の春夢","被秘匿的四个季节/秘匿されたフォーシーズンズ"
"TH17 	东方鬼形兽","沉默的兽灵/物言わぬ獣の霊","只有地藏知晓的哀叹/地蔵だけが知る哀嘆","Jelly Stone/ジェリーストーン","Lost River/ロストリバー","石之婴儿与水中牛/石の赤子と水中の牛","不朽的曼珠沙华/不朽の曼珠沙華","Seraphic Chicken/セラフィックチキン","Unlocated Hell/アンロケイテッドヘル","Tortoise Dragon　～ 幸运与不幸/トータスドラゴン　～ 幸運と不運","Beast Metropolis/ビーストメトロポリス","陶瓷的杖刀人/セラミックスの杖刀人","Electric Heritage/エレクトリックヘリテージ","寄世界于偶像　～ Idoratrize World/偶像に世界を委ねて　～ Idoratrize World","闪耀的弱肉强食法则/輝かしき弱肉強食の掟","圣德太子的天马　～ Dark Pegasus/聖徳太子のペガサス　～ Dark Pegasus","畜生们的休息/畜生達の休息","从地下的归还/地下からの帰還","Player's Score/プレイヤーズスコア"
"秋霜玉","秋霜玉　～ Clockworks/秋霜玉　～ Clockworks","False Strawberry/フォルスストロベリー","Primrose Shiver/プリムローズシヴァ","幻想帝都/幻想帝都","Disastrous Gemini/ディザストラスジェミニ","华之幻想 红梦之宙/華の幻想　紅夢の宙","天空军团/天空アーミー","斯普特尼克幻夜/スプートニク幻夜","机械马戏团　～ Reverie/機械サーカス　～ Reverie","卡纳维拉尔角的梦幻少女/カナベラルの夢幻少女","魔法少女十字军/魔法少女十字軍","Antique Terror/アンティークテラー","梦机械　～ Innocent Power/夢機械　～ Innocent Power","幻想科学　～ Doll's Phantom/幻想科学　～ Doll's Phantom","少女神性　～ Pandora's Box/少女神性　～ Pandora's Box","Silk Road Alice/シルクロードアリス","魔女们的舞会　～ Magus/魔女達の舞踏会　～ Magus","二色莲花蝶　～ Ancients/二色蓮花蝶　～ Ancients","Herselves/ハーセルヴズ","Titled Maid/タイトルドメイド"
"稀翁玉","稀翁玉　～ Fairy Dance/稀翁玉　～ Fairy Dance","天鹅绒少女战　～ Velvet Battle/天鵞絨少女戦　～ Velvet Battle","Castle Explorer -in the Sky-/Castle Explorer -in the Sky-","俄耳甫斯的诗　～ Pseudoclassic/オルフェの詩　～ Pseudoclassic","新幻想　～ New Fantasy/新幻想　～ New Fantasy","奥尔良的圣骑士/オルレアンの聖騎士","My Maid, Sweet Maid/My Maid, Sweet Maid","樱花之恋塚　～ Flower of Japan/桜花之恋塚　～ Flower of Japan","少女战士　～ Heart of Valkyrie/乙女戦士　～ Heart of Valkyrie","神秘的人偶　～ God Knows/エニグマティクドール　～ God Knows"
"Torte Le Magic","Witch of Love Potion/Witch of Love Potion","Magical and Hopeless/Magical and Hopeless","Sacred Battle/Sacred Battle"
"黄昏酒场～Uwabami Breakers～","酒鬼的雷姆利亚/呑んべぇのレムリア"
"神魔讨绮传 ～ Magus in Mystic Geometries.","AN ORDEAL FROM GOD/AN ORDEAL FROM GOD"
"东方幻想麻将 - Touhou Unreal Mahjong","好奇的上海古牌/キュアリアス上海古牌","神魔讨绮传 AN ORDEAL FROM GOD/神魔討綺伝 AN ORDEAL FROM GOD"
"Cradle - 东方幻乐祀典 -","灰姑娘的笼子　～ Kagome-Kagome/シンデレラケージ　～ Kagome-Kagome","妖妖跋扈　～ Speed Fox!/妖々跋扈　～ Speed Fox!"
"8BIT MUSIC POWER FINAL","Mysterious Shrine/Mysterious Shrine"
"INDIE Live Expo","独一无二的投影 / 唯一無二のシミュラークル"
"TH18 东方虹龙洞","架起虹桥的幻想乡 / 虹の架かる幻想郷","妖异们的骤雨 / 妖異達の通り雨","大吉猫咪 / 大吉キトゥン","深绿掩映的断崖 / 深緑に隠された断崖","Banditry Technology / バンデットリィテクノロジー","驹草盛开的万年积雪 / 駒草咲くパーペチュアルスノー","Smoking Dragon / スモーキングドラゴン","日渐荒废的工业遗址 / 廃れゆく産業遺構","神代矿石 / 神代鉱石","渴盼已久的逢魔之刻 / 待ちわびた逢魔が時","天魔之山漫天星 / 星降る天魔の山","Lunar Rainbow / ルナレインボー","熙攘市场今何在 ～ Immemorial Marketeers / あの賑やかな市場は今どこに　～ Immemorial Marketeers","幻想地下大轨道网 / 幻想の地下大線路網","灭杀龙王的公主 / 龍王殺しのプリンセス","风暴过后的星期日 / 嵐の後の日曜日","虹色的世界 / 虹色の世界"
