"红魔乡","灵梦A","灵梦B","魔理沙A","魔理沙B","","","","","","","","","","","",""
"妖妖梦","灵梦A","灵梦B","魔理沙A","魔理沙B","咲夜A","咲夜B","","","","","","","","","",""
"永夜抄","结界组","咏唱组","红魔组","幽冥组","灵梦","紫","魔理沙","爱丽丝","蕾米莉亚","咲夜","妖梦","幽幽子","","","",""
"花映塚","灵梦","魔理沙","咲夜","妖梦","铃仙","琪露诺","莉莉卡","米斯蒂娅","因幡帝","文","梅蒂欣","幽香","小町","四季映姬","",""
"风神录","灵梦A","灵梦B","灵梦C","魔理沙A","魔理沙B","魔理沙C","","","","","","","","","",""
"地灵殿","灵梦A","灵梦B","灵梦C","魔理沙A","魔理沙B","魔理沙C","","","","","","","","","",""
"星莲船","灵梦A","灵梦B","魔理沙A","魔理沙B","早苗A","早苗B","","","","","","","","","",""
"神灵庙","灵梦","魔理沙","早苗","妖梦","","","","","","","","","","","",""
"辉针城","灵梦A","灵梦B","魔理沙A","魔理沙B","咲夜A","咲夜B","","","","","","","","","",""
"绀珠传","灵梦","魔理沙","早苗","铃仙","","","","","","","","","","","",""
"天空璋","灵梦春","灵梦夏","灵梦秋","灵梦冬","魔理沙春","魔理沙夏","魔理沙秋","魔理沙冬","琪露诺春","琪露诺夏","琪露诺秋","琪露诺冬","文春","文夏","文秋","文冬"
"鬼形兽","灵梦狼","灵梦獭","灵梦鹫","魔理沙狼","魔理沙獭","魔理沙鹫","妖梦狼","妖梦獭","妖梦鹫","","","","","","",""
"虹龙洞","灵梦","魔理沙","早苗","咲夜","","","","","","","","","","","",""
"锦上京","灵梦","魔理沙","","","","","","","","","","","","","",""
